2.500000000000000000e-01,1.319999992847442627e-02,1.049999985843896866e-02,1.070000045001506805e-02,1.059999968856573105e-02,1.669999957084655762e-02
5.000000000000000000e-01,1.150000002235174179e-02,1.400000043213367462e-02,1.669999957084655762e-02,2.590000070631504059e-02,2.199999988079071045e-02
7.500000000000000000e-01,1.059999968856573105e-02,2.720000036060810089e-02,1.370000001043081284e-02,1.229999959468841553e-02,1.360000018030405045e-02
1.000000000000000000e+00,1.449999958276748657e-02,2.439999952912330627e-02,2.070000022649765015e-02,3.139999881386756897e-02,2.400000020861625671e-02
1.250000000000000000e+00,2.250000089406967163e-02,1.169999968260526657e-02,4.219999909400939941e-02,4.050000011920928955e-02,3.750000149011611938e-02
1.500000000000000000e+00,1.539999991655349731e-02,1.009999960660934448e-02,6.750000268220901489e-02,3.579999879002571106e-02,4.720000177621841431e-02
1.750000000000000000e+00,2.150000073015689850e-02,2.080000005662441254e-02,5.799999833106994629e-02,3.009999915957450867e-02,5.849999934434890747e-02
2.000000000000000000e+00,1.659999974071979523e-02,6.930000334978103638e-02,4.980000108480453491e-02,4.930000007152557373e-02,6.350000202655792236e-02
2.250000000000000000e+00,3.050000034272670746e-02,1.020000036805868149e-02,7.299999892711639404e-02,7.549999654293060303e-02,1.008000001311302185e-01
2.500000000000000000e+00,3.379999846220016479e-02,1.209999993443489075e-02,8.780000358819961548e-02,9.170000255107879639e-02,1.254000067710876465e-01
2.750000000000000000e+00,3.040000051259994507e-02,1.279999967664480209e-02,1.156999990344047546e-01,9.610000252723693848e-02,1.313000023365020752e-01
3.000000000000000000e+00,3.559999912977218628e-02,2.390000037848949432e-02,1.070000007748603821e-01,1.211000010371208191e-01,1.305000036954879761e-01
3.250000000000000000e+00,4.410000145435333252e-02,1.059999968856573105e-02,1.375000029802322388e-01,1.594000011682510376e-01,1.694000065326690674e-01
3.500000000000000000e+00,4.360000044107437134e-02,9.999999776482582092e-03,1.486999988555908203e-01,1.747000068426132202e-01,1.797000020742416382e-01
3.750000000000000000e+00,5.099999904632568359e-02,1.810000091791152954e-02,1.761000007390975952e-01,1.632999926805496216e-01,1.891999989748001099e-01
4.000000000000000000e+00,4.740000143647193909e-02,1.920000091195106506e-02,1.777999997138977051e-01,2.152000069618225098e-01,1.868000030517578125e-01
4.250000000000000000e+00,6.129999831318855286e-02,9.999999776482582092e-03,1.957000046968460083e-01,1.988999992609024048e-01,2.168000042438507080e-01
4.500000000000000000e+00,6.899999827146530151e-02,9.999999776482582092e-03,1.999000012874603271e-01,1.871999949216842651e-01,2.211000025272369385e-01
4.750000000000000000e+00,7.020000368356704712e-02,1.630000025033950806e-02,2.025000005960464478e-01,1.860000044107437134e-01,2.365999966859817505e-01
5.000000000000000000e+00,7.909999787807464600e-02,1.899999938905239105e-02,2.065999954938888550e-01,2.498999983072280884e-01,2.419999986886978149e-01
5.250000000000000000e+00,7.789999991655349731e-02,1.379999984055757523e-02,2.104000002145767212e-01,2.714000046253204346e-01,2.565000057220458984e-01
5.500000000000000000e+00,7.440000027418136597e-02,1.009999960660934448e-02,2.105000019073486328e-01,2.363000065088272095e-01,2.265000045299530029e-01
5.750000000000000000e+00,8.929999917745590210e-02,1.820000074803829193e-02,2.396000027656555176e-01,2.472999989986419678e-01,2.277999967336654663e-01
6.000000000000000000e+00,1.044000014662742615e-01,2.270000055432319641e-02,2.410999983549118042e-01,2.931999862194061279e-01,2.257999926805496216e-01
6.250000000000000000e+00,1.608999967575073242e-01,1.339999958872795105e-02,2.460999935865402222e-01,2.680000066757202148e-01,2.621000111103057861e-01
6.500000000000000000e+00,1.781000047922134399e-01,1.190000027418136597e-02,2.502000033855438232e-01,2.422000020742416382e-01,2.495000064373016357e-01
6.750000000000000000e+00,1.821999996900558472e-01,3.200000151991844177e-02,2.648999989032745361e-01,2.425000071525573730e-01,2.671999931335449219e-01
7.000000000000000000e+00,1.705999970436096191e-01,3.770000115036964417e-02,2.644000053405761719e-01,3.066999912261962891e-01,2.502000033855438232e-01
7.250000000000000000e+00,2.048999965190887451e-01,2.659999951720237732e-02,2.621000111103057861e-01,2.892999947071075439e-01,2.693000137805938721e-01
7.500000000000000000e+00,1.885000020265579224e-01,2.630000002682209015e-02,1.557999998331069946e-01,3.172000050544738770e-01,2.822000086307525635e-01
7.750000000000000000e+00,1.833000034093856812e-01,2.930000051856040955e-02,2.689000070095062256e-01,2.994999885559082031e-01,3.179000020027160645e-01
8.000000000000000000e+00,1.832000017166137695e-01,2.910000085830688477e-02,2.773000001907348633e-01,3.470000028610229492e-01,2.948000133037567139e-01
8.250000000000000000e+00,2.113000005483627319e-01,6.830000132322311401e-02,2.648999989032745361e-01,3.048000037670135498e-01,3.253000080585479736e-01
8.500000000000000000e+00,2.186000049114227295e-01,4.630000144243240356e-02,2.606999874114990234e-01,2.894000113010406494e-01,3.258000016212463379e-01
8.750000000000000000e+00,2.219000011682510376e-01,4.380000010132789612e-02,2.630000114440917969e-01,2.660999894142150879e-01,3.384000062942504883e-01
9.000000000000000000e+00,2.198999971151351929e-01,4.670000076293945312e-02,3.001999855041503906e-01,3.012999892234802246e-01,3.429000079631805420e-01
9.250000000000000000e+00,2.430000007152557373e-01,6.560000032186508179e-02,3.221000134944915771e-01,3.702999949455261230e-01,3.495999872684478760e-01
9.500000000000000000e+00,2.675000131130218506e-01,4.809999838471412659e-02,2.976999878883361816e-01,3.447999954223632812e-01,3.589000105857849121e-01
9.750000000000000000e+00,2.730000019073486328e-01,4.690000042319297791e-02,3.386999964714050293e-01,3.057999908924102783e-01,3.574000000953674316e-01
1.000000000000000000e+01,2.714000046253204346e-01,6.129999831318855286e-02,3.321999907493591309e-01,3.549999892711639404e-01,3.648000061511993408e-01
1.025000000000000000e+01,2.653000056743621826e-01,6.790000200271606445e-02,3.188999891281127930e-01,3.847000002861022949e-01,3.865000009536743164e-01
1.050000000000000000e+01,2.481999993324279785e-01,4.109999909996986389e-02,3.222000002861022949e-01,3.186999857425689697e-01,3.664999902248382568e-01
1.075000000000000000e+01,2.563999891281127930e-01,4.120000079274177551e-02,3.404999971389770508e-01,3.413999974727630615e-01,3.316999971866607666e-01
1.100000000000000000e+01,2.937000095844268799e-01,4.140000045299530029e-02,3.567999899387359619e-01,4.244999885559082031e-01,3.504000008106231689e-01
1.125000000000000000e+01,2.671000063419342041e-01,1.199999973177909851e-01,3.630000054836273193e-01,3.835000097751617432e-01,3.822000026702880859e-01
1.150000000000000000e+01,2.957000136375427246e-01,7.620000094175338745e-02,3.063000142574310303e-01,3.652000129222869873e-01,3.817999958992004395e-01
1.175000000000000000e+01,2.770999968051910400e-01,1.169999986886978149e-01,3.729999959468841553e-01,3.819999992847442627e-01,4.009000062942504883e-01
1.200000000000000000e+01,2.590000033378601074e-01,1.442999988794326782e-01,3.668000102043151855e-01,4.280000030994415283e-01,4.201999902725219727e-01
1.225000000000000000e+01,2.969000041484832764e-01,1.940000057220458984e-01,3.583999872207641602e-01,4.110000133514404297e-01,4.199000000953674316e-01
1.250000000000000000e+01,3.179999887943267822e-01,1.678999960422515869e-01,3.470000028610229492e-01,4.059000015258789062e-01,4.463999867439270020e-01
1.275000000000000000e+01,2.973000109195709229e-01,1.835000067949295044e-01,3.882000148296356201e-01,4.088999927043914795e-01,4.225000143051147461e-01
1.300000000000000000e+01,3.391000032424926758e-01,1.815000027418136597e-01,3.916999995708465576e-01,4.505999982357025146e-01,4.036999940872192383e-01
1.325000000000000000e+01,3.450999855995178223e-01,2.551000118255615234e-01,3.862000107765197754e-01,4.207000136375427246e-01,4.106999933719635010e-01
1.350000000000000000e+01,3.526000082492828369e-01,2.324000000953674316e-01,3.628999888896942139e-01,3.476999998092651367e-01,4.194000065326690674e-01
1.375000000000000000e+01,3.219999969005584717e-01,2.522000074386596680e-01,4.016000032424926758e-01,3.790999948978424072e-01,4.201000034809112549e-01
1.400000000000000000e+01,3.172999918460845947e-01,2.685000002384185791e-01,4.196000099182128906e-01,4.589000046253204346e-01,4.239999949932098389e-01
1.425000000000000000e+01,3.567000031471252441e-01,2.083999961614608765e-01,3.743999898433685303e-01,4.237000048160552979e-01,4.280999898910522461e-01
1.450000000000000000e+01,3.558999896049499512e-01,2.500000000000000000e-01,3.483999967575073242e-01,4.314000010490417480e-01,4.347000122070312500e-01
1.475000000000000000e+01,3.278999924659729004e-01,2.982000112533569336e-01,4.162000119686126709e-01,4.505000114440917969e-01,4.208999872207641602e-01
1.500000000000000000e+01,3.278999924659729004e-01,3.152999877929687500e-01,4.332999885082244873e-01,4.722000062465667725e-01,4.388999938964843750e-01
1.525000000000000000e+01,3.806999921798706055e-01,3.161999881267547607e-01,3.842000067234039307e-01,4.636000096797943115e-01,4.548000097274780273e-01
1.550000000000000000e+01,3.835000097751617432e-01,3.355000019073486328e-01,3.456000089645385742e-01,4.546999931335449219e-01,4.652000069618225098e-01
1.575000000000000000e+01,3.664999902248382568e-01,3.319999873638153076e-01,4.059000015258789062e-01,4.528999924659729004e-01,4.785999953746795654e-01
1.600000000000000000e+01,3.777999877929687500e-01,3.321999907493591309e-01,4.408000111579895020e-01,4.679999947547912598e-01,4.501999914646148682e-01
1.625000000000000000e+01,3.908999860286712646e-01,3.389999866485595703e-01,4.038000106811523438e-01,4.503999948501586914e-01,4.363000094890594482e-01
1.650000000000000000e+01,4.135999977588653564e-01,3.472999930381774902e-01,4.077999889850616455e-01,4.133000075817108154e-01,4.521000087261199951e-01
1.675000000000000000e+01,4.255999922752380371e-01,3.594999909400939941e-01,4.478999972343444824e-01,4.325000047683715820e-01,4.932999908924102783e-01
1.700000000000000000e+01,4.072000086307525635e-01,3.786999881267547607e-01,4.429999887943267822e-01,5.001000165939331055e-01,4.927000105381011963e-01
1.725000000000000000e+01,3.786000013351440430e-01,3.817000091075897217e-01,4.291999936103820801e-01,4.781999886035919189e-01,4.801999926567077637e-01
1.750000000000000000e+01,4.063999950885772705e-01,3.772000074386596680e-01,4.341000020503997803e-01,4.690000116825103760e-01,4.810999929904937744e-01
1.775000000000000000e+01,3.851999938488006592e-01,3.813000023365020752e-01,4.661000072956085205e-01,4.670999944210052490e-01,4.769000113010406494e-01
1.800000000000000000e+01,4.162999987602233887e-01,3.716999888420104980e-01,4.449000060558319092e-01,5.157999992370605469e-01,5.019000172615051270e-01
1.825000000000000000e+01,4.483000040054321289e-01,4.004999995231628418e-01,4.440000057220458984e-01,4.693999886512756348e-01,4.947000145912170410e-01
1.850000000000000000e+01,4.392000138759613037e-01,3.874000012874603271e-01,4.158000051975250244e-01,4.158999919891357422e-01,4.566000103950500488e-01
1.875000000000000000e+01,4.056000113487243652e-01,3.910000026226043701e-01,4.781000018119812012e-01,3.928999900817871094e-01,4.968000054359436035e-01
1.900000000000000000e+01,4.180999994277954102e-01,3.587000072002410889e-01,4.690000116825103760e-01,4.918000102043151855e-01,5.058000087738037109e-01
1.925000000000000000e+01,4.181999862194061279e-01,4.061000049114227295e-01,4.424000084400177002e-01,4.539000093936920166e-01,5.174000263214111328e-01
1.950000000000000000e+01,4.235999882221221924e-01,4.084999859333038330e-01,4.718999862670898438e-01,4.828999936580657959e-01,4.950000047683715820e-01
1.975000000000000000e+01,4.043999910354614258e-01,4.149999916553497314e-01,4.936000108718872070e-01,4.799999892711639404e-01,5.062999725341796875e-01
2.000000000000000000e+01,4.560000002384185791e-01,3.779999911785125732e-01,4.975000023841857910e-01,5.292000174522399902e-01,5.148000121116638184e-01
2.025000000000000000e+01,4.363000094890594482e-01,4.185999929904937744e-01,4.677000045776367188e-01,5.097000002861022949e-01,5.091000199317932129e-01
2.050000000000000000e+01,4.268999993801116943e-01,4.259999990463256836e-01,4.686000049114227295e-01,4.788999855518341064e-01,5.116000175476074219e-01
2.075000000000000000e+01,4.235999882221221924e-01,4.190999865531921387e-01,5.095999836921691895e-01,4.708999991416931152e-01,5.238999724388122559e-01
2.100000000000000000e+01,4.232000112533569336e-01,4.248999953269958496e-01,5.134000182151794434e-01,5.317999720573425293e-01,5.095999836921691895e-01
2.125000000000000000e+01,4.519000053405761719e-01,4.383000135421752930e-01,4.532999992370605469e-01,5.044999718666076660e-01,4.986000061035156250e-01
2.150000000000000000e+01,4.490000009536743164e-01,4.366999864578247070e-01,4.695000052452087402e-01,5.095000267028808594e-01,5.002999901771545410e-01
2.175000000000000000e+01,4.517999887466430664e-01,4.377999901771545410e-01,5.169000029563903809e-01,4.871000051498413086e-01,5.461000204086303711e-01
2.200000000000000000e+01,4.366999864578247070e-01,4.013999998569488525e-01,5.281000137329101562e-01,5.529000163078308105e-01,5.317000150680541992e-01
2.225000000000000000e+01,4.420999884605407715e-01,4.395999908447265625e-01,4.686000049114227295e-01,5.006999969482421875e-01,5.440999865531921387e-01
2.250000000000000000e+01,4.523000121116638184e-01,4.528000056743621826e-01,4.738000035285949707e-01,4.977999925613403320e-01,5.289999842643737793e-01
2.275000000000000000e+01,4.548999965190887451e-01,4.621999859809875488e-01,5.234000086784362793e-01,4.929000139236450195e-01,5.224999785423278809e-01
2.300000000000000000e+01,4.528000056743621826e-01,4.375000000000000000e-01,5.105999708175659180e-01,5.573999881744384766e-01,5.115000009536743164e-01
2.325000000000000000e+01,4.589000046253204346e-01,4.670999944210052490e-01,4.891999959945678711e-01,5.274999737739562988e-01,5.327000021934509277e-01
2.350000000000000000e+01,4.990999996662139893e-01,4.713000059127807617e-01,4.489000141620635986e-01,5.116000175476074219e-01,4.932999908924102783e-01
2.375000000000000000e+01,4.612999856472015381e-01,4.796000123023986816e-01,5.134000182151794434e-01,5.037000179290771484e-01,4.997999966144561768e-01
2.400000000000000000e+01,4.632999897003173828e-01,4.266999959945678711e-01,5.194000005722045898e-01,5.465999841690063477e-01,5.184999704360961914e-01
2.425000000000000000e+01,4.844999909400939941e-01,4.550999999046325684e-01,4.591000080108642578e-01,5.447999835014343262e-01,5.583000183105468750e-01
2.450000000000000000e+01,5.242000222206115723e-01,4.695000052452087402e-01,4.731999933719635010e-01,5.335999727249145508e-01,5.497999787330627441e-01
2.475000000000000000e+01,4.788999855518341064e-01,4.776999950408935547e-01,5.212000012397766113e-01,5.097000002861022949e-01,5.333999991416931152e-01
2.500000000000000000e+01,4.699999988079071045e-01,4.363999962806701660e-01,5.264000296592712402e-01,5.771999955177307129e-01,5.268999934196472168e-01
2.525000000000000000e+01,4.876999855041503906e-01,4.792999923229217529e-01,5.005000233650207520e-01,5.478000044822692871e-01,5.345000028610229492e-01
2.550000000000000000e+01,5.072000026702880859e-01,4.794999957084655762e-01,5.037999749183654785e-01,5.447000265121459961e-01,5.551000237464904785e-01
2.575000000000000000e+01,4.923999905586242676e-01,4.835999906063079834e-01,5.389999747276306152e-01,5.389000177383422852e-01,5.544000267982482910e-01
2.600000000000000000e+01,4.954000115394592285e-01,4.449999928474426270e-01,5.504999756813049316e-01,5.824999809265136719e-01,5.501000285148620605e-01
2.625000000000000000e+01,5.386000275611877441e-01,4.796999990940093994e-01,5.095000267028808594e-01,5.529000163078308105e-01,5.605999827384948730e-01
2.650000000000000000e+01,5.249999761581420898e-01,4.799000024795532227e-01,5.163000226020812988e-01,5.315999984741210938e-01,5.572999715805053711e-01
2.675000000000000000e+01,5.005000233650207520e-01,4.776999950408935547e-01,5.565000176429748535e-01,5.525000095367431641e-01,5.616000294685363770e-01
2.700000000000000000e+01,5.230000019073486328e-01,3.991000056266784668e-01,5.541999936103820801e-01,5.839999914169311523e-01,5.552999973297119141e-01
2.725000000000000000e+01,4.999000132083892822e-01,4.792000055313110352e-01,5.332999825477600098e-01,5.705000162124633789e-01,5.526999831199645996e-01
2.750000000000000000e+01,4.921000003814697266e-01,4.909999966621398926e-01,5.131999850273132324e-01,5.645999908447265625e-01,5.378000140190124512e-01
2.775000000000000000e+01,5.153999924659729004e-01,4.957000017166137695e-01,5.511000156402587891e-01,5.597000122070312500e-01,5.436000227928161621e-01
2.800000000000000000e+01,4.876999855041503906e-01,4.296999871730804443e-01,5.695000290870666504e-01,5.903999805450439453e-01,5.606999993324279785e-01
2.825000000000000000e+01,4.869000017642974854e-01,4.751000106334686279e-01,5.199000239372253418e-01,5.699999928474426270e-01,5.587999820709228516e-01
2.850000000000000000e+01,4.957999885082244873e-01,4.955999851226806641e-01,5.243999958038330078e-01,5.454000234603881836e-01,5.781999826431274414e-01
2.875000000000000000e+01,5.020999908447265625e-01,5.008000135421752930e-01,5.514000058174133301e-01,5.209000110626220703e-01,5.619000196456909180e-01
2.900000000000000000e+01,4.990999996662139893e-01,4.889000058174133301e-01,5.626000165939331055e-01,6.043999791145324707e-01,5.734000205993652344e-01
2.925000000000000000e+01,4.929000139236450195e-01,5.108000040054321289e-01,5.440000295639038086e-01,5.766999721527099609e-01,5.575000047683715820e-01
2.950000000000000000e+01,5.041000247001647949e-01,5.134000182151794434e-01,5.013999938964843750e-01,5.756000280380249023e-01,5.755000114440917969e-01
2.975000000000000000e+01,5.131999850273132324e-01,5.149000287055969238e-01,5.608999729156494141e-01,5.393000245094299316e-01,5.656999945640563965e-01
3.000000000000000000e+01,5.084000229835510254e-01,4.499999880790710449e-01,5.744000077247619629e-01,6.015999913215637207e-01,5.792999863624572754e-01
3.025000000000000000e+01,5.207999944686889648e-01,5.063999891281127930e-01,5.364000201225280762e-01,5.745000243186950684e-01,5.758000016212463379e-01
3.050000000000000000e+01,5.059000253677368164e-01,5.101000070571899414e-01,5.493999719619750977e-01,5.541999936103820801e-01,5.802999734878540039e-01
3.075000000000000000e+01,5.133000016212463379e-01,5.181999802589416504e-01,5.777000188827514648e-01,5.473999977111816406e-01,5.684000253677368164e-01
3.100000000000000000e+01,5.346999764442443848e-01,5.001999735832214355e-01,5.945000052452087402e-01,5.996999740600585938e-01,5.728999972343444824e-01
3.125000000000000000e+01,5.218999981880187988e-01,5.214999914169311523e-01,5.612000226974487305e-01,5.898000001907348633e-01,5.605000257492065430e-01
3.150000000000000000e+01,5.367000102996826172e-01,5.241000056266784668e-01,5.447000265121459961e-01,5.877000093460083008e-01,5.389000177383422852e-01
3.175000000000000000e+01,5.224999785423278809e-01,5.127999782562255859e-01,5.904999971389770508e-01,5.579000115394592285e-01,5.546000003814697266e-01
3.200000000000000000e+01,5.284000039100646973e-01,4.846000075340270996e-01,5.898000001907348633e-01,6.093999743461608887e-01,5.722000002861022949e-01
3.225000000000000000e+01,5.198000073432922363e-01,5.098999738693237305e-01,5.551999807357788086e-01,5.759999752044677734e-01,5.859000086784362793e-01
3.250000000000000000e+01,5.153999924659729004e-01,5.083000063896179199e-01,5.533000230789184570e-01,5.605999827384948730e-01,5.823000073432922363e-01
3.275000000000000000e+01,5.544000267982482910e-01,5.256999731063842773e-01,5.763999819755554199e-01,5.381000041961669922e-01,5.958999991416931152e-01
3.300000000000000000e+01,5.443999767303466797e-01,4.925000071525573730e-01,5.799000263214111328e-01,6.141999959945678711e-01,5.935000181198120117e-01
3.325000000000000000e+01,5.421000123023986816e-01,5.228999853134155273e-01,5.636000037193298340e-01,5.986999869346618652e-01,5.824999809265136719e-01
3.350000000000000000e+01,5.374000072479248047e-01,5.253000259399414062e-01,5.626999735832214355e-01,5.787000060081481934e-01,5.988000035285949707e-01
3.375000000000000000e+01,5.091999769210815430e-01,5.307999849319458008e-01,5.902000069618225098e-01,5.637999773025512695e-01,5.802000164985656738e-01
3.400000000000000000e+01,5.095000267028808594e-01,5.299000144004821777e-01,5.877000093460083008e-01,5.960000157356262207e-01,5.806000232696533203e-01
3.425000000000000000e+01,4.963999986648559570e-01,4.914999902248382568e-01,5.789999961853027344e-01,5.713000297546386719e-01,5.838000178337097168e-01
3.450000000000000000e+01,5.076000094413757324e-01,5.227000117301940918e-01,5.695999860763549805e-01,5.654000043869018555e-01,5.712000131607055664e-01
3.475000000000000000e+01,5.152999758720397949e-01,5.274000167846679688e-01,5.982000231742858887e-01,5.580000281333923340e-01,5.839999914169311523e-01
3.500000000000000000e+01,5.335999727249145508e-01,4.939000010490417480e-01,6.068000197410583496e-01,6.173999905586242676e-01,5.960000157356262207e-01
3.525000000000000000e+01,5.572999715805053711e-01,5.235000252723693848e-01,5.723000168800354004e-01,5.816000103950500488e-01,5.751000046730041504e-01
3.550000000000000000e+01,5.487999916076660156e-01,5.278999805450439453e-01,5.665000081062316895e-01,5.708000063896179199e-01,6.076999902725219727e-01
3.575000000000000000e+01,5.404000282287597656e-01,5.343000292778015137e-01,6.008999943733215332e-01,5.656999945640563965e-01,5.853999853134155273e-01
3.600000000000000000e+01,5.468000173568725586e-01,4.984000027179718018e-01,6.104000210762023926e-01,6.286000013351440430e-01,5.867999792098999023e-01
3.625000000000000000e+01,5.212000012397766113e-01,5.375999808311462402e-01,5.850999951362609863e-01,6.096000075340270996e-01,6.015999913215637207e-01
3.650000000000000000e+01,5.475000143051147461e-01,5.518000125885009766e-01,5.677000284194946289e-01,5.917000174522399902e-01,6.004999876022338867e-01
3.675000000000000000e+01,5.152000188827514648e-01,5.444999933242797852e-01,6.018999814987182617e-01,5.899999737739562988e-01,5.983999967575073242e-01
3.700000000000000000e+01,5.139999985694885254e-01,5.112000107765197754e-01,6.104000210762023926e-01,6.381999850273132324e-01,5.942999720573425293e-01
3.725000000000000000e+01,5.163999795913696289e-01,5.435000061988830566e-01,5.899999737739562988e-01,5.971000194549560547e-01,5.626999735832214355e-01
3.750000000000000000e+01,5.321000218391418457e-01,5.497000217437744141e-01,5.680000185966491699e-01,5.576000213623046875e-01,5.755000114440917969e-01
3.775000000000000000e+01,5.368999838829040527e-01,5.457000136375427246e-01,6.029999852180480957e-01,5.917000174522399902e-01,5.806000232696533203e-01
3.800000000000000000e+01,5.483999848365783691e-01,5.081999897956848145e-01,6.136999726295471191e-01,6.177999973297119141e-01,6.071000099182128906e-01
3.825000000000000000e+01,5.483999848365783691e-01,5.446000099182128906e-01,6.094999909400939941e-01,5.666999816894531250e-01,5.985000133514404297e-01
3.850000000000000000e+01,5.564000010490417480e-01,5.515999794006347656e-01,5.945000052452087402e-01,5.626999735832214355e-01,5.971000194549560547e-01
3.875000000000000000e+01,5.468999743461608887e-01,5.480999946594238281e-01,6.122000217437744141e-01,5.870000123977661133e-01,5.866000056266784668e-01
3.900000000000000000e+01,5.480999946594238281e-01,4.810000061988830566e-01,6.205000281333923340e-01,6.243000030517578125e-01,6.108000278472900391e-01
3.925000000000000000e+01,5.442000031471252441e-01,5.306000113487243652e-01,5.497000217437744141e-01,5.695999860763549805e-01,6.036000251770019531e-01
3.950000000000000000e+01,5.745999813079833984e-01,5.525000095367431641e-01,5.559999942779541016e-01,5.885999798774719238e-01,5.990999937057495117e-01
3.975000000000000000e+01,5.591999888420104980e-01,5.501000285148620605e-01,6.054999828338623047e-01,5.856000185012817383e-01,5.735999941825866699e-01
4.000000000000000000e+01,5.730000138282775879e-01,5.282999873161315918e-01,6.114000082015991211e-01,6.248999834060668945e-01,5.899999737739562988e-01
4.025000000000000000e+01,5.379999876022338867e-01,5.593000054359436035e-01,5.978000164031982422e-01,6.263999938964843750e-01,6.039000153541564941e-01
4.050000000000000000e+01,5.741000175476074219e-01,5.580000281333923340e-01,5.886999964714050293e-01,6.205000281333923340e-01,5.953000187873840332e-01
4.075000000000000000e+01,5.457999706268310547e-01,5.623000264167785645e-01,6.157000064849853516e-01,6.097000241279602051e-01,5.784999728202819824e-01
4.100000000000000000e+01,5.297999978065490723e-01,5.196999907493591309e-01,6.244000196456909180e-01,6.396999955177307129e-01,5.949000120162963867e-01
4.125000000000000000e+01,5.364999771118164062e-01,5.576000213623046875e-01,5.935000181198120117e-01,6.323000192642211914e-01,5.946000218391418457e-01
4.150000000000000000e+01,5.482000112533569336e-01,5.673000216484069824e-01,5.928999781608581543e-01,6.035000085830688477e-01,5.873000025749206543e-01
4.175000000000000000e+01,5.396000146865844727e-01,5.680000185966491699e-01,6.270999908447265625e-01,5.964000225067138672e-01,6.171000003814697266e-01
4.200000000000000000e+01,5.378999710083007812e-01,5.116999745368957520e-01,6.322000026702880859e-01,6.365000009536743164e-01,5.961999893188476562e-01
4.225000000000000000e+01,5.594000220298767090e-01,5.476999878883361816e-01,6.033999919891357422e-01,5.964000225067138672e-01,6.061999797821044922e-01
4.250000000000000000e+01,5.514000058174133301e-01,5.551999807357788086e-01,5.981000065803527832e-01,5.898000001907348633e-01,6.183000206947326660e-01
4.275000000000000000e+01,5.515000224113464355e-01,5.309000015258789062e-01,6.216999888420104980e-01,6.098999977111816406e-01,6.036000251770019531e-01
4.300000000000000000e+01,5.601999759674072266e-01,5.709999799728393555e-01,6.395000219345092773e-01,6.471999883651733398e-01,6.080999970436096191e-01
4.325000000000000000e+01,5.437999963760375977e-01,5.715000033378601074e-01,6.105999946594238281e-01,6.108000278472900391e-01,6.147999763488769531e-01
4.350000000000000000e+01,5.124999880790710449e-01,5.684000253677368164e-01,5.759999752044677734e-01,6.191999912261962891e-01,6.094999909400939941e-01
4.375000000000000000e+01,5.485000014305114746e-01,5.116000175476074219e-01,6.333000063896179199e-01,6.075000166893005371e-01,5.967000126838684082e-01
4.400000000000000000e+01,5.820000171661376953e-01,5.584999918937683105e-01,6.371999979019165039e-01,6.380000114440917969e-01,6.089000105857849121e-01
4.425000000000000000e+01,5.673000216484069824e-01,5.767999887466430664e-01,6.140999794006347656e-01,6.327999830245971680e-01,6.340000033378601074e-01
4.450000000000000000e+01,5.823000073432922363e-01,5.853000283241271973e-01,6.100999712944030762e-01,6.334000229835510254e-01,6.039000153541564941e-01
4.475000000000000000e+01,5.720999836921691895e-01,5.370000004768371582e-01,6.376000046730041504e-01,6.219000220298767090e-01,6.233000159263610840e-01
4.500000000000000000e+01,5.842000246047973633e-01,5.697000026702880859e-01,6.401000022888183594e-01,6.516000032424926758e-01,6.334999799728393555e-01
4.525000000000000000e+01,5.719000101089477539e-01,5.749999880790710449e-01,6.223999857902526855e-01,6.272000074386596680e-01,6.277999877929687500e-01
4.550000000000000000e+01,5.791000127792358398e-01,5.841000080108642578e-01,6.006000041961669922e-01,6.032999753952026367e-01,6.032999753952026367e-01
4.575000000000000000e+01,5.550000071525573730e-01,5.338000059127807617e-01,6.345999836921691895e-01,6.080999970436096191e-01,6.183000206947326660e-01
4.600000000000000000e+01,5.309000015258789062e-01,5.641999840736389160e-01,6.463999748229980469e-01,6.467999815940856934e-01,6.032999753952026367e-01
4.625000000000000000e+01,5.590000152587890625e-01,5.834000110626220703e-01,6.043999791145324707e-01,6.273999810218811035e-01,6.258999705314636230e-01
4.650000000000000000e+01,5.626999735832214355e-01,5.820999741554260254e-01,6.092000007629394531e-01,6.021999716758728027e-01,6.112999916076660156e-01
4.675000000000000000e+01,5.631999969482421875e-01,5.232999920845031738e-01,6.396999955177307129e-01,6.136000156402587891e-01,6.233000159263610840e-01
4.700000000000000000e+01,5.928999781608581543e-01,5.724999904632568359e-01,6.428999900817871094e-01,6.480000019073486328e-01,6.101999878883361816e-01
4.725000000000000000e+01,5.891000032424926758e-01,5.863999724388122559e-01,6.134999990463256836e-01,6.079000234603881836e-01,6.213999986648559570e-01
4.750000000000000000e+01,5.680999755859375000e-01,5.914999842643737793e-01,6.094999909400939941e-01,6.004999876022338867e-01,6.184999942779541016e-01
4.775000000000000000e+01,5.476999878883361816e-01,5.582000017166137695e-01,6.388000249862670898e-01,6.104000210762023926e-01,6.220999956130981445e-01
4.800000000000000000e+01,5.738999843597412109e-01,5.947999954223632812e-01,6.417000293731689453e-01,6.560000181198120117e-01,5.911999940872192383e-01
4.825000000000000000e+01,5.674999952316284180e-01,5.957999825477600098e-01,6.225000023841857910e-01,6.345999836921691895e-01,6.115000247955322266e-01
4.850000000000000000e+01,5.838000178337097168e-01,5.909000039100646973e-01,5.995000004768371582e-01,6.355000138282775879e-01,6.161000132560729980e-01
4.875000000000000000e+01,5.806000232696533203e-01,5.604000091552734375e-01,6.399999856948852539e-01,5.936999917030334473e-01,6.326000094413757324e-01
4.900000000000000000e+01,5.885999798774719238e-01,5.928999781608581543e-01,6.398000121116638184e-01,6.485000252723693848e-01,6.259999871253967285e-01
4.925000000000000000e+01,5.983999967575073242e-01,5.999000072479248047e-01,6.017000079154968262e-01,6.474000215530395508e-01,6.317999958992004395e-01
4.950000000000000000e+01,5.734000205993652344e-01,6.000999808311462402e-01,6.083999872207641602e-01,6.302999854087829590e-01,6.262000203132629395e-01
4.975000000000000000e+01,5.839999914169311523e-01,5.270000100135803223e-01,6.446999907493591309e-01,6.159999966621398926e-01,6.211000084877014160e-01
5.000000000000000000e+01,5.781000256538391113e-01,5.802000164985656738e-01,6.420000195503234863e-01,6.545000076293945312e-01,6.225000023841857910e-01
5.025000000000000000e+01,6.035000085830688477e-01,5.788999795913696289e-01,6.119999885559082031e-01,5.940999984741210938e-01,6.298999786376953125e-01
5.050000000000000000e+01,5.748000144958496094e-01,5.878999829292297363e-01,6.183000206947326660e-01,6.110000014305114746e-01,6.226000189781188965e-01
5.075000000000000000e+01,5.850999951362609863e-01,5.601000189781188965e-01,6.424000263214111328e-01,6.143000125885009766e-01,6.384000182151794434e-01
5.100000000000000000e+01,5.838999748229980469e-01,5.874000191688537598e-01,6.441000103950500488e-01,6.514999866485595703e-01,6.110000014305114746e-01
5.125000000000000000e+01,5.788000226020812988e-01,5.879999995231628418e-01,6.029999852180480957e-01,6.164000034332275391e-01,6.172000169754028320e-01
5.150000000000000000e+01,5.939999818801879883e-01,5.939000248908996582e-01,6.011999845504760742e-01,6.208000183105468750e-01,6.155999898910522461e-01
5.175000000000000000e+01,5.771999955177307129e-01,5.582000017166137695e-01,6.395000219345092773e-01,6.021000146865844727e-01,6.237000226974487305e-01
5.200000000000000000e+01,5.713999867439270020e-01,5.906999707221984863e-01,6.507999897003173828e-01,6.495000123977661133e-01,6.231999993324279785e-01
5.225000000000000000e+01,5.715000033378601074e-01,5.971000194549560547e-01,6.254000067710876465e-01,6.154999732971191406e-01,6.250000000000000000e-01
5.250000000000000000e+01,5.852000117301940918e-01,6.014000177383422852e-01,6.334999799728393555e-01,6.036999821662902832e-01,6.237000226974487305e-01
5.275000000000000000e+01,5.810999870300292969e-01,5.619000196456909180e-01,6.549000144004821777e-01,6.176999807357788086e-01,6.322000026702880859e-01
5.300000000000000000e+01,5.741000175476074219e-01,5.949000120162963867e-01,6.567000150680541992e-01,6.534000039100646973e-01,6.442999839782714844e-01
5.325000000000000000e+01,5.975999832153320312e-01,6.004999876022338867e-01,6.195999979972839355e-01,6.413999795913696289e-01,6.417000293731689453e-01
5.350000000000000000e+01,5.864999890327453613e-01,5.936999917030334473e-01,6.213999986648559570e-01,6.248000264167785645e-01,6.233000159263610840e-01
5.375000000000000000e+01,5.625000000000000000e-01,5.411999821662902832e-01,6.481000185012817383e-01,6.341000199317932129e-01,6.359000205993652344e-01
5.400000000000000000e+01,5.805000066757202148e-01,5.921000242233276367e-01,6.197000145912170410e-01,6.725999712944030762e-01,6.367999911308288574e-01
5.425000000000000000e+01,5.932000279426574707e-01,6.001999974250793457e-01,6.545000076293945312e-01,6.237999796867370605e-01,6.238999962806701660e-01
5.450000000000000000e+01,5.989999771118164062e-01,6.075999736785888672e-01,6.125000119209289551e-01,6.186000108718872070e-01,6.316000223159790039e-01
5.475000000000000000e+01,6.061000227928161621e-01,5.755000114440917969e-01,6.449999809265136719e-01,6.190000176429748535e-01,6.384000182151794434e-01
5.500000000000000000e+01,6.029999852180480957e-01,6.047000288963317871e-01,6.324999928474426270e-01,6.603999733924865723e-01,6.308000087738037109e-01
5.525000000000000000e+01,5.917999744415283203e-01,6.075999736785888672e-01,6.520000100135803223e-01,6.248999834060668945e-01,6.269000172615051270e-01
5.550000000000000000e+01,5.964999794960021973e-01,6.097000241279602051e-01,6.133999824523925781e-01,6.236000061035156250e-01,6.313999891281127930e-01
5.575000000000000000e+01,5.949000120162963867e-01,5.489000082015991211e-01,6.567999720573425293e-01,6.098999977111816406e-01,6.384000182151794434e-01
5.600000000000000000e+01,5.832999944686889648e-01,5.895000100135803223e-01,6.302999854087829590e-01,6.578999757766723633e-01,6.507999897003173828e-01
5.625000000000000000e+01,5.867000222206115723e-01,6.024000048637390137e-01,6.527000069618225098e-01,6.452000141143798828e-01,6.435999870300292969e-01
5.650000000000000000e+01,5.940999984741210938e-01,6.134999990463256836e-01,6.295999884605407715e-01,6.401000022888183594e-01,6.385999917984008789e-01
5.675000000000000000e+01,5.874999761581420898e-01,5.673000216484069824e-01,6.672000288963317871e-01,6.340000033378601074e-01,6.103000044822692871e-01
5.700000000000000000e+01,6.090000271797180176e-01,6.100000143051147461e-01,6.439999938011169434e-01,6.690999865531921387e-01,6.301000118255615234e-01
5.725000000000000000e+01,5.896000266075134277e-01,6.164000034332275391e-01,6.258999705314636230e-01,6.507999897003173828e-01,6.492000222206115723e-01
5.750000000000000000e+01,5.979999899864196777e-01,6.144999861717224121e-01,6.621000170707702637e-01,6.462000012397766113e-01,6.496000289916992188e-01
5.775000000000000000e+01,5.940999984741210938e-01,5.569000244140625000e-01,6.689000129699707031e-01,6.333000063896179199e-01,6.414999961853027344e-01
5.800000000000000000e+01,6.015999913215637207e-01,6.011999845504760742e-01,6.491000056266784668e-01,6.746000051498413086e-01,6.513000130653381348e-01
5.825000000000000000e+01,6.256999969482421875e-01,6.072000265121459961e-01,6.394000053405761719e-01,6.643999814987182617e-01,6.420999765396118164e-01
5.850000000000000000e+01,6.136000156402587891e-01,5.964999794960021973e-01,6.699000000953674316e-01,6.525999903678894043e-01,6.338999867439270020e-01
5.875000000000000000e+01,6.000999808311462402e-01,5.518000125885009766e-01,6.714000105857849121e-01,6.406999826431274414e-01,6.398000121116638184e-01
5.900000000000000000e+01,5.967000126838684082e-01,5.936999917030334473e-01,6.510999798774719238e-01,6.741999983787536621e-01,6.308000087738037109e-01
5.925000000000000000e+01,6.025000214576721191e-01,5.979999899864196777e-01,6.279000043869018555e-01,6.457999944686889648e-01,6.215999722480773926e-01
5.950000000000000000e+01,5.931000113487243652e-01,5.917999744415283203e-01,6.669999957084655762e-01,6.462000012397766113e-01,6.420000195503234863e-01
5.975000000000000000e+01,6.036999821662902832e-01,5.435000061988830566e-01,6.741999983787536621e-01,6.438999772071838379e-01,6.498000025749206543e-01
6.000000000000000000e+01,5.960999727249145508e-01,5.904999971389770508e-01,6.309999823570251465e-01,6.733999848365783691e-01,6.363000273704528809e-01
6.025000000000000000e+01,5.832999944686889648e-01,6.031000018119812012e-01,6.276000142097473145e-01,6.542999744415283203e-01,6.410999894142150879e-01
6.050000000000000000e+01,5.763000249862670898e-01,6.014999747276306152e-01,6.617000102996826172e-01,6.589999794960021973e-01,6.366999745368957520e-01
6.075000000000000000e+01,6.021000146865844727e-01,5.550000071525573730e-01,6.723999977111816406e-01,6.523000001907348633e-01,6.348000168800354004e-01
6.100000000000000000e+01,5.927000045776367188e-01,5.965999960899353027e-01,6.475999951362609863e-01,6.754999756813049316e-01,6.347000002861022949e-01
6.125000000000000000e+01,6.046000123023986816e-01,6.010000109672546387e-01,6.392999887466430664e-01,6.586999893188476562e-01,6.141999959945678711e-01
6.150000000000000000e+01,6.046000123023986816e-01,6.025000214576721191e-01,6.635000109672546387e-01,6.529999971389770508e-01,6.395999789237976074e-01
6.175000000000000000e+01,5.884000062942504883e-01,5.895000100135803223e-01,6.690000295639038086e-01,6.477000117301940918e-01,6.407999992370605469e-01
6.200000000000000000e+01,5.601999759674072266e-01,6.001999974250793457e-01,6.463999748229980469e-01,6.823999881744384766e-01,6.444000005722045898e-01
6.225000000000000000e+01,5.550000071525573730e-01,6.069999933242797852e-01,6.327999830245971680e-01,6.518999934196472168e-01,6.388000249862670898e-01
6.250000000000000000e+01,5.953999757766723633e-01,5.591999888420104980e-01,6.687999963760375977e-01,6.517000198364257812e-01,6.395000219345092773e-01
6.275000000000000000e+01,5.892999768257141113e-01,6.014000177383422852e-01,6.707000136375427246e-01,6.441000103950500488e-01,6.510000228881835938e-01
6.300000000000000000e+01,5.957000255584716797e-01,6.087999939918518066e-01,6.274999976158142090e-01,6.682999730110168457e-01,6.470999717712402344e-01
6.325000000000000000e+01,5.863000154495239258e-01,6.043000221252441406e-01,6.165999770164489746e-01,6.511999964714050293e-01,6.528000235557556152e-01
6.350000000000000000e+01,6.168000102043151855e-01,5.852000117301940918e-01,6.596000194549560547e-01,6.449000239372253418e-01,6.340000033378601074e-01
6.375000000000000000e+01,6.183000206947326660e-01,6.043000221252441406e-01,6.736999750137329102e-01,6.524000167846679688e-01,6.401000022888183594e-01
6.400000000000000000e+01,6.065000295639038086e-01,6.133999824523925781e-01,6.222000122070312500e-01,6.747999787330627441e-01,6.428999900817871094e-01
6.425000000000000000e+01,6.100000143051147461e-01,6.146000027656555176e-01,6.223000288009643555e-01,6.525999903678894043e-01,6.384999752044677734e-01
6.450000000000000000e+01,6.021000146865844727e-01,5.913000106811523438e-01,6.654000282287597656e-01,6.503000259399414062e-01,6.344000101089477539e-01
6.475000000000000000e+01,6.104000210762023926e-01,6.074000000953674316e-01,6.761000156402587891e-01,6.485000252723693848e-01,6.351000070571899414e-01
6.500000000000000000e+01,5.774999856948852539e-01,6.125000119209289551e-01,6.394000053405761719e-01,6.768000125885009766e-01,6.417000293731689453e-01
6.525000000000000000e+01,5.971000194549560547e-01,5.892999768257141113e-01,6.330999732017517090e-01,6.595000028610229492e-01,6.528000235557556152e-01
6.550000000000000000e+01,5.946999788284301758e-01,6.107000112533569336e-01,6.650999784469604492e-01,6.613000035285949707e-01,6.427000164985656738e-01
6.575000000000000000e+01,6.115000247955322266e-01,6.234999895095825195e-01,6.801999807357788086e-01,6.322000026702880859e-01,6.462000012397766113e-01
6.600000000000000000e+01,6.115000247955322266e-01,6.262000203132629395e-01,6.442999839782714844e-01,6.676999926567077637e-01,6.452999711036682129e-01
6.625000000000000000e+01,6.126999855041503906e-01,5.956000089645385742e-01,6.389999985694885254e-01,6.514999866485595703e-01,6.460999846458435059e-01
6.650000000000000000e+01,6.258999705314636230e-01,6.216999888420104980e-01,6.697999835014343262e-01,6.430000066757202148e-01,6.276000142097473145e-01
6.675000000000000000e+01,6.201000213623046875e-01,6.241999864578247070e-01,6.764000058174133301e-01,6.509000062942504883e-01,6.355999708175659180e-01
6.700000000000000000e+01,6.148999929428100586e-01,6.270999908447265625e-01,6.575000286102294922e-01,6.855999827384948730e-01,6.304000020027160645e-01
6.725000000000000000e+01,6.086999773979187012e-01,5.752999782562255859e-01,6.406000256538391113e-01,6.570000052452087402e-01,6.381999850273132324e-01
6.750000000000000000e+01,6.119999885559082031e-01,6.136000156402587891e-01,6.730999946594238281e-01,6.585000157356262207e-01,6.377000212669372559e-01
6.775000000000000000e+01,5.852000117301940918e-01,6.258000135421752930e-01,6.844999790191650391e-01,6.588000059127807617e-01,6.373999714851379395e-01
6.800000000000000000e+01,6.098999977111816406e-01,6.262000203132629395e-01,6.504999995231628418e-01,6.866999864578247070e-01,6.560000181198120117e-01
6.825000000000000000e+01,6.029999852180480957e-01,5.719000101089477539e-01,6.466000080108642578e-01,6.514000296592712402e-01,6.439999938011169434e-01
6.850000000000000000e+01,5.953999757766723633e-01,6.161000132560729980e-01,6.744999885559082031e-01,6.521999835968017578e-01,6.414999961853027344e-01
6.875000000000000000e+01,5.978000164031982422e-01,6.254000067710876465e-01,6.815000176429748535e-01,6.412000060081481934e-01,6.475999951362609863e-01
6.900000000000000000e+01,6.126000285148620605e-01,6.284000277519226074e-01,6.395000219345092773e-01,6.729999780654907227e-01,6.473000049591064453e-01
6.925000000000000000e+01,6.205999851226806641e-01,5.935999751091003418e-01,6.312000155448913574e-01,6.614999771118164062e-01,6.466000080108642578e-01
6.950000000000000000e+01,6.019999980926513672e-01,6.287000179290771484e-01,6.692000031471252441e-01,6.564999818801879883e-01,6.401000022888183594e-01
6.975000000000000000e+01,6.003999710083007812e-01,6.389999985694885254e-01,6.775000095367431641e-01,6.574000120162963867e-01,6.401000022888183594e-01
7.000000000000000000e+01,6.011000275611877441e-01,5.971000194549560547e-01,6.456999778747558594e-01,6.463999748229980469e-01,6.528000235557556152e-01
7.025000000000000000e+01,6.039999723434448242e-01,6.340000033378601074e-01,6.290000081062316895e-01,6.729000210762023926e-01,6.388999819755554199e-01
7.050000000000000000e+01,6.258000135421752930e-01,6.374999880790710449e-01,6.705999970436096191e-01,6.538000106811523438e-01,6.477000117301940918e-01
7.075000000000000000e+01,6.186000108718872070e-01,6.369000077247619629e-01,6.820999979972839355e-01,6.363999843597412109e-01,6.510000228881835938e-01
7.100000000000000000e+01,6.334999799728393555e-01,5.857999920845031738e-01,6.184999942779541016e-01,6.502000093460083008e-01,6.407999992370605469e-01
7.125000000000000000e+01,6.225000023841857910e-01,6.198999881744384766e-01,6.182000041007995605e-01,6.571000218391418457e-01,6.420000195503234863e-01
7.150000000000000000e+01,6.190000176429748535e-01,6.291000247001647949e-01,6.735000014305114746e-01,6.811000108718872070e-01,6.444000005722045898e-01
7.175000000000000000e+01,5.909000039100646973e-01,6.327000260353088379e-01,6.822999715805053711e-01,6.528999805450439453e-01,6.539999842643737793e-01
7.200000000000000000e+01,6.018999814987182617e-01,5.846999883651733398e-01,6.345000267028808594e-01,6.402999758720397949e-01,6.449000239372253418e-01
7.225000000000000000e+01,6.013000011444091797e-01,6.220999956130981445e-01,6.298999786376953125e-01,6.474999785423278809e-01,6.399000287055969238e-01
7.250000000000000000e+01,6.039000153541564941e-01,6.347000002861022949e-01,6.686999797821044922e-01,6.639000177383422852e-01,6.513000130653381348e-01
7.275000000000000000e+01,6.280000209808349609e-01,6.359999775886535645e-01,6.730999946594238281e-01,6.826999783515930176e-01,6.502000093460083008e-01
7.300000000000000000e+01,6.195999979972839355e-01,6.046000123023986816e-01,6.334000229835510254e-01,6.735000014305114746e-01,6.600000262260437012e-01
7.325000000000000000e+01,5.881999731063842773e-01,6.348000168800354004e-01,6.277999877929687500e-01,6.567999720573425293e-01,6.600000262260437012e-01
7.350000000000000000e+01,6.051999926567077637e-01,6.424000263214111328e-01,6.754999756813049316e-01,6.521999835968017578e-01,6.620000004768371582e-01
7.375000000000000000e+01,6.104000210762023926e-01,6.406999826431274414e-01,6.840999722480773926e-01,6.851999759674072266e-01,6.529999971389770508e-01
7.400000000000000000e+01,6.202999949455261230e-01,5.809000134468078613e-01,6.502000093460083008e-01,6.561999917030334473e-01,6.514000296592712402e-01
7.425000000000000000e+01,6.226999759674072266e-01,6.243000030517578125e-01,6.495000123977661133e-01,6.520000100135803223e-01,6.667000055313110352e-01
7.450000000000000000e+01,6.169999837875366211e-01,6.330000162124633789e-01,6.783000230789184570e-01,6.514000296592712402e-01,6.535000205039978027e-01
7.475000000000000000e+01,6.283000111579895020e-01,6.309000253677368164e-01,6.816999912261962891e-01,6.862999796867370605e-01,6.669999957084655762e-01
7.500000000000000000e+01,6.212999820709228516e-01,5.892999768257141113e-01,6.452000141143798828e-01,6.567000150680541992e-01,6.578999757766723633e-01
7.525000000000000000e+01,6.189000010490417480e-01,6.341999769210815430e-01,6.366000175476074219e-01,6.495000123977661133e-01,6.618000268936157227e-01
7.550000000000000000e+01,6.219999790191650391e-01,6.398000121116638184e-01,6.766999959945678711e-01,6.611999869346618652e-01,6.550999879837036133e-01
7.575000000000000000e+01,5.931000113487243652e-01,6.384999752044677734e-01,6.852999925613403320e-01,6.899999976158142090e-01,6.626999974250793457e-01
7.600000000000000000e+01,6.213999986648559570e-01,6.090999841690063477e-01,6.489999890327453613e-01,6.672000288963317871e-01,6.596000194549560547e-01
7.625000000000000000e+01,6.255000233650207520e-01,6.427999734878540039e-01,5.953000187873840332e-01,6.651999950408935547e-01,6.532999873161315918e-01
7.650000000000000000e+01,6.208999752998352051e-01,6.423000097274780273e-01,6.654999852180480957e-01,6.674000024795532227e-01,6.435999870300292969e-01
7.675000000000000000e+01,6.110000014305114746e-01,6.511999964714050293e-01,6.819000244140625000e-01,6.899999976158142090e-01,6.498000025749206543e-01
7.700000000000000000e+01,6.086000204086303711e-01,6.006000041961669922e-01,6.475999951362609863e-01,6.600999832153320312e-01,6.565999984741210938e-01
7.725000000000000000e+01,6.302999854087829590e-01,6.416000127792358398e-01,6.193000078201293945e-01,6.486999988555908203e-01,6.553999781608581543e-01
7.750000000000000000e+01,6.349999904632568359e-01,6.492000222206115723e-01,6.783000230789184570e-01,6.377999782562255859e-01,6.442000269889831543e-01
7.775000000000000000e+01,6.302999854087829590e-01,6.474000215530395508e-01,6.830000281333923340e-01,6.822999715805053711e-01,6.456000208854675293e-01
7.800000000000000000e+01,6.279000043869018555e-01,6.000000238418579102e-01,6.647999882698059082e-01,6.484000086784362793e-01,6.547999978065490723e-01
7.825000000000000000e+01,6.133000254631042480e-01,6.348000168800354004e-01,6.323999762535095215e-01,6.581000089645385742e-01,6.549999713897705078e-01
7.850000000000000000e+01,6.341000199317932129e-01,6.464999914169311523e-01,6.725999712944030762e-01,6.635000109672546387e-01,6.626999974250793457e-01
7.875000000000000000e+01,6.226999759674072266e-01,6.464999914169311523e-01,6.902999877929687500e-01,6.926000118255615234e-01,6.607000231742858887e-01
7.900000000000000000e+01,6.428999900817871094e-01,6.118999719619750977e-01,6.654000282287597656e-01,6.730999946594238281e-01,6.510000228881835938e-01
7.925000000000000000e+01,6.363999843597412109e-01,6.431999802589416504e-01,6.607999801635742188e-01,6.643000245094299316e-01,6.529999971389770508e-01
7.950000000000000000e+01,6.297000050544738770e-01,6.524999737739562988e-01,6.858000159263610840e-01,6.632999777793884277e-01,6.565999984741210938e-01
7.975000000000000000e+01,6.316000223159790039e-01,6.528999805450439453e-01,6.897000074386596680e-01,6.934999823570251465e-01,6.614000201225280762e-01
8.000000000000000000e+01,6.204000115394592285e-01,5.970000028610229492e-01,6.595000028610229492e-01,6.735000014305114746e-01,6.596000194549560547e-01
8.025000000000000000e+01,6.585000157356262207e-01,6.403999924659729004e-01,6.844999790191650391e-01,7.001000046730041504e-01,6.859999895095825195e-01
8.050000000000000000e+01,6.646999716758728027e-01,6.572999954223632812e-01,6.953999996185302734e-01,7.009999752044677734e-01,6.916000247001647949e-01
8.075000000000000000e+01,6.640999913215637207e-01,6.597999930381774902e-01,6.984000205993652344e-01,7.049999833106994629e-01,6.923000216484069824e-01
8.100000000000000000e+01,6.657999753952026367e-01,6.542999744415283203e-01,6.948000192642211914e-01,7.012000083923339844e-01,6.916999816894531250e-01
8.125000000000000000e+01,6.668000221252441406e-01,6.564000248908996582e-01,6.944000124931335449e-01,7.034999728202819824e-01,6.927000284194946289e-01
8.150000000000000000e+01,6.693999767303466797e-01,6.589999794960021973e-01,6.992999911308288574e-01,7.013999819755554199e-01,6.937000155448913574e-01
8.175000000000000000e+01,6.704999804496765137e-01,6.615999937057495117e-01,6.970000267028808594e-01,7.048000097274780273e-01,6.923999786376953125e-01
8.200000000000000000e+01,6.735000014305114746e-01,6.556000113487243652e-01,6.963999867439270020e-01,7.048000097274780273e-01,6.952000260353088379e-01
8.225000000000000000e+01,6.722999811172485352e-01,6.604999899864196777e-01,6.941000223159790039e-01,7.069000005722045898e-01,6.952000260353088379e-01
8.250000000000000000e+01,6.729000210762023926e-01,6.610000133514404297e-01,6.963000297546386719e-01,7.063000202178955078e-01,6.930000185966491699e-01
8.275000000000000000e+01,6.707999706268310547e-01,6.636999845504760742e-01,6.995000243186950684e-01,7.052000164985656738e-01,6.926000118255615234e-01
8.300000000000000000e+01,6.700000166893005371e-01,6.639999747276306152e-01,6.955999732017517090e-01,7.073000073432922363e-01,6.926000118255615234e-01
8.325000000000000000e+01,6.701999902725219727e-01,6.625999808311462402e-01,6.953999996185302734e-01,7.064999938011169434e-01,6.960999965667724609e-01
8.350000000000000000e+01,6.707000136375427246e-01,6.622999906539916992e-01,6.955999732017517090e-01,7.064999938011169434e-01,6.988000273704528809e-01
8.375000000000000000e+01,6.743000149726867676e-01,6.635000109672546387e-01,6.905999779701232910e-01,7.081999778747558594e-01,6.959000229835510254e-01
8.400000000000000000e+01,6.737999916076660156e-01,6.567000150680541992e-01,6.945000290870666504e-01,7.084000110626220703e-01,6.965000033378601074e-01
8.425000000000000000e+01,6.775000095367431641e-01,6.607999801635742188e-01,6.920999884605407715e-01,7.095000147819519043e-01,6.991999745368957520e-01
8.450000000000000000e+01,6.750000119209289551e-01,6.639000177383422852e-01,6.927000284194946289e-01,7.070000171661376953e-01,6.967999935150146484e-01
8.475000000000000000e+01,6.750000119209289551e-01,6.643000245094299316e-01,6.920999884605407715e-01,7.074000239372253418e-01,6.955999732017517090e-01
8.500000000000000000e+01,6.735000014305114746e-01,6.632000207901000977e-01,6.948000192642211914e-01,7.071999907493591309e-01,6.983000040054321289e-01
8.525000000000000000e+01,6.740000247955322266e-01,6.661000251770019531e-01,6.952000260353088379e-01,7.059999704360961914e-01,6.991000175476074219e-01
8.550000000000000000e+01,6.729999780654907227e-01,6.653000116348266602e-01,6.947000026702880859e-01,7.041000127792358398e-01,6.977999806404113770e-01
8.575000000000000000e+01,6.736999750137329102e-01,6.675000190734863281e-01,6.947000026702880859e-01,7.045999765396118164e-01,6.952000260353088379e-01
8.600000000000000000e+01,6.711000204086303711e-01,6.628999710083007812e-01,6.935999989509582520e-01,7.056999802589416504e-01,6.945000290870666504e-01
8.625000000000000000e+01,6.715000271797180176e-01,6.685000061988830566e-01,6.941999793052673340e-01,7.077000141143798828e-01,6.962000131607055664e-01
8.650000000000000000e+01,6.736999750137329102e-01,6.658999919891357422e-01,6.963000297546386719e-01,7.067999839782714844e-01,6.977999806404113770e-01
8.675000000000000000e+01,6.759999990463256836e-01,6.664999723434448242e-01,6.959999799728393555e-01,7.067999839782714844e-01,6.992999911308288574e-01
8.700000000000000000e+01,6.765999794006347656e-01,6.600999832153320312e-01,6.948999762535095215e-01,7.044000029563903809e-01,6.978999972343444824e-01
8.725000000000000000e+01,6.748999953269958496e-01,6.643000245094299316e-01,6.919000148773193359e-01,7.042000293731689453e-01,6.970999836921691895e-01
8.750000000000000000e+01,6.757000088691711426e-01,6.675000190734863281e-01,6.930000185966491699e-01,7.056000232696533203e-01,6.948999762535095215e-01
8.775000000000000000e+01,6.744999885559082031e-01,6.693999767303466797e-01,6.927999854087829590e-01,7.053999900817871094e-01,6.967999935150146484e-01
8.800000000000000000e+01,6.743999719619750977e-01,6.589999794960021973e-01,6.917999982833862305e-01,7.059000134468078613e-01,6.978999972343444824e-01
8.825000000000000000e+01,6.715000271797180176e-01,6.686000227928161621e-01,6.923000216484069824e-01,7.035999894142150879e-01,6.969000101089477539e-01
8.850000000000000000e+01,6.733999848365783691e-01,6.693999767303466797e-01,6.933000087738037109e-01,7.042000293731689453e-01,6.980999708175659180e-01
8.875000000000000000e+01,6.743999719619750977e-01,6.661000251770019531e-01,6.949999928474426270e-01,7.070999741554260254e-01,6.960999965667724609e-01
8.900000000000000000e+01,6.736999750137329102e-01,6.672000288963317871e-01,6.945999860763549805e-01,7.056999802589416504e-01,7.001000046730041504e-01
8.925000000000000000e+01,6.764000058174133301e-01,6.697999835014343262e-01,6.940000057220458984e-01,7.050999999046325684e-01,6.988999843597412109e-01
8.950000000000000000e+01,6.746000051498413086e-01,6.696000099182128906e-01,6.952999830245971680e-01,7.034000158309936523e-01,6.987000107765197754e-01
8.975000000000000000e+01,6.764000058174133301e-01,6.707999706268310547e-01,6.945999860763549805e-01,7.052999734878540039e-01,6.973000168800354004e-01
9.000000000000000000e+01,6.765999794006347656e-01,6.629999876022338867e-01,6.926000118255615234e-01,7.074999809265136719e-01,6.972000002861022949e-01
9.025000000000000000e+01,6.735000014305114746e-01,6.664000153541564941e-01,6.958000063896179199e-01,7.059999704360961914e-01,6.984999775886535645e-01
9.050000000000000000e+01,6.744999885559082031e-01,6.661999821662902832e-01,6.948000192642211914e-01,7.053999900817871094e-01,6.991999745368957520e-01
9.075000000000000000e+01,6.746000051498413086e-01,6.664999723434448242e-01,6.937000155448913574e-01,7.074999809265136719e-01,6.994000077247619629e-01
9.100000000000000000e+01,6.730999946594238281e-01,6.651999950408935547e-01,6.926000118255615234e-01,7.070999741554260254e-01,6.969000101089477539e-01
9.125000000000000000e+01,6.725999712944030762e-01,6.692000031471252441e-01,6.960999965667724609e-01,7.059999704360961914e-01,6.955999732017517090e-01
9.150000000000000000e+01,6.730999946594238281e-01,6.686999797821044922e-01,6.952000260353088379e-01,7.062000036239624023e-01,6.959000229835510254e-01
9.175000000000000000e+01,6.750000119209289551e-01,6.729000210762023926e-01,6.934000253677368164e-01,7.080000042915344238e-01,6.970999836921691895e-01
9.200000000000000000e+01,6.729000210762023926e-01,6.646999716758728027e-01,6.947000026702880859e-01,7.063999772071838379e-01,7.002000212669372559e-01
9.225000000000000000e+01,6.712999939918518066e-01,6.715999841690063477e-01,6.970000267028808594e-01,7.052999734878540039e-01,6.978999972343444824e-01
9.250000000000000000e+01,6.746000051498413086e-01,6.701999902725219727e-01,6.959000229835510254e-01,7.059999704360961914e-01,6.984000205993652344e-01
9.275000000000000000e+01,6.725000143051147461e-01,6.704999804496765137e-01,6.916999816894531250e-01,7.080000042915344238e-01,6.967999935150146484e-01
9.300000000000000000e+01,6.717000007629394531e-01,6.603999733924865723e-01,6.893000006675720215e-01,7.049000263214111328e-01,6.973999738693237305e-01
9.325000000000000000e+01,6.723999977111816406e-01,6.699000000953674316e-01,6.942999958992004395e-01,7.042000293731689453e-01,6.973000168800354004e-01
9.350000000000000000e+01,6.743000149726867676e-01,6.687999963760375977e-01,6.948999762535095215e-01,7.055000066757202148e-01,6.967999935150146484e-01
9.375000000000000000e+01,6.744999885559082031e-01,6.675000190734863281e-01,6.945000290870666504e-01,7.069000005722045898e-01,6.977000236511230469e-01
9.400000000000000000e+01,6.759999990463256836e-01,6.640999913215637207e-01,6.923999786376953125e-01,7.077000141143798828e-01,6.978999972343444824e-01
9.425000000000000000e+01,6.730999946594238281e-01,6.705999970436096191e-01,6.945999860763549805e-01,7.031000256538391113e-01,6.949999928474426270e-01
9.450000000000000000e+01,6.780999898910522461e-01,6.680999994277954102e-01,6.945999860763549805e-01,7.024000287055969238e-01,6.967999935150146484e-01
9.475000000000000000e+01,6.764000058174133301e-01,6.693999767303466797e-01,6.948999762535095215e-01,7.049000263214111328e-01,6.967999935150146484e-01
9.500000000000000000e+01,6.779000163078308105e-01,6.596000194549560547e-01,6.947000026702880859e-01,7.039999961853027344e-01,6.956999897956848145e-01
9.525000000000000000e+01,6.750000119209289551e-01,6.693000197410583496e-01,6.963999867439270020e-01,7.044000029563903809e-01,6.995000243186950684e-01
9.550000000000000000e+01,6.750000119209289551e-01,6.722000241279602051e-01,6.969000101089477539e-01,7.010999917984008789e-01,7.001000046730041504e-01
9.575000000000000000e+01,6.751000285148620605e-01,6.740999817848205566e-01,6.948999762535095215e-01,7.037000060081481934e-01,6.990000009536743164e-01
9.600000000000000000e+01,6.729999780654907227e-01,6.678000092506408691e-01,6.930000185966491699e-01,7.027000188827514648e-01,6.980999708175659180e-01
9.625000000000000000e+01,6.758000254631042480e-01,6.708999872207641602e-01,6.966000199317932129e-01,7.034999728202819824e-01,6.988000273704528809e-01
9.650000000000000000e+01,6.764000058174133301e-01,6.693999767303466797e-01,6.977000236511230469e-01,7.021999955177307129e-01,6.983000040054321289e-01
9.675000000000000000e+01,6.733000278472900391e-01,6.707000136375427246e-01,6.959000229835510254e-01,7.038999795913696289e-01,6.980000138282775879e-01
9.700000000000000000e+01,6.715000271797180176e-01,6.621999740600585938e-01,6.930999755859375000e-01,7.053999900817871094e-01,6.970999836921691895e-01
9.725000000000000000e+01,6.723999977111816406e-01,6.715000271797180176e-01,6.942999958992004395e-01,7.028999924659729004e-01,6.992999911308288574e-01
9.750000000000000000e+01,6.726999878883361816e-01,6.730999946594238281e-01,6.951000094413757324e-01,7.027999758720397949e-01,6.996999979019165039e-01
9.775000000000000000e+01,6.750000119209289551e-01,6.715999841690063477e-01,6.966000199317932129e-01,7.056000232696533203e-01,6.980999708175659180e-01
9.800000000000000000e+01,6.736999750137329102e-01,6.647999882698059082e-01,6.981999874114990234e-01,7.064999938011169434e-01,7.005000114440917969e-01
9.825000000000000000e+01,6.758999824523925781e-01,6.683999896049499512e-01,6.966999769210815430e-01,7.034000158309936523e-01,6.985999941825866699e-01
9.850000000000000000e+01,6.746000051498413086e-01,6.700000166893005371e-01,6.973000168800354004e-01,7.042999863624572754e-01,6.991999745368957520e-01
9.875000000000000000e+01,6.726999878883361816e-01,6.722000241279602051e-01,6.969000101089477539e-01,7.052000164985656738e-01,6.998999714851379395e-01
9.900000000000000000e+01,6.751000285148620605e-01,6.669999957084655762e-01,6.934000253677368164e-01,7.060999870300292969e-01,7.021999955177307129e-01
9.925000000000000000e+01,6.748999953269958496e-01,6.704999804496765137e-01,6.980000138282775879e-01,7.062000036239624023e-01,7.016000151634216309e-01
9.950000000000000000e+01,6.751999855041503906e-01,6.737999916076660156e-01,6.967999935150146484e-01,7.039999961853027344e-01,6.967999935150146484e-01
9.975000000000000000e+01,6.737999916076660156e-01,6.693999767303466797e-01,6.956999897956848145e-01,7.052000164985656738e-01,6.983000040054321289e-01
1.000000000000000000e+02,6.765999794006347656e-01,6.705999970436096191e-01,6.926000118255615234e-01,7.042000293731689453e-01,6.966999769210815430e-01
1.002500000000000000e+02,6.747000217437744141e-01,6.729000210762023926e-01,6.953999996185302734e-01,7.044000029563903809e-01,6.963999867439270020e-01
1.005000000000000000e+02,6.750000119209289551e-01,6.708999872207641602e-01,6.973000168800354004e-01,7.050999999046325684e-01,6.983000040054321289e-01
1.007500000000000000e+02,6.754000186920166016e-01,6.726999878883361816e-01,6.987000107765197754e-01,7.053999900817871094e-01,6.985999941825866699e-01
1.010000000000000000e+02,6.754999756813049316e-01,6.647999882698059082e-01,6.942999958992004395e-01,7.038999795913696289e-01,6.990000009536743164e-01
1.012500000000000000e+02,6.736999750137329102e-01,6.733000278472900391e-01,6.983000040054321289e-01,7.052999734878540039e-01,6.985999941825866699e-01
1.015000000000000000e+02,6.736000180244445801e-01,6.746000051498413086e-01,6.980999708175659180e-01,7.052999734878540039e-01,6.988999843597412109e-01
1.017500000000000000e+02,6.761000156402587891e-01,6.757000088691711426e-01,6.970999836921691895e-01,7.067999839782714844e-01,6.984000205993652344e-01
1.020000000000000000e+02,6.740999817848205566e-01,6.651999950408935547e-01,6.965000033378601074e-01,7.049999833106994629e-01,6.991000175476074219e-01
1.022500000000000000e+02,6.771000027656555176e-01,6.712999939918518066e-01,6.998999714851379395e-01,7.035999894142150879e-01,6.980999708175659180e-01
1.025000000000000000e+02,6.754999756813049316e-01,6.729000210762023926e-01,6.973999738693237305e-01,7.052999734878540039e-01,6.988999843597412109e-01
1.027500000000000000e+02,6.754000186920166016e-01,6.722999811172485352e-01,6.996999979019165039e-01,7.045000195503234863e-01,6.977000236511230469e-01
1.030000000000000000e+02,6.735000014305114746e-01,6.675000190734863281e-01,6.919999718666076660e-01,7.024000287055969238e-01,6.992999911308288574e-01
1.032500000000000000e+02,6.768000125885009766e-01,6.710000038146972656e-01,6.945999860763549805e-01,7.059000134468078613e-01,6.996999979019165039e-01
1.035000000000000000e+02,6.766999959945678711e-01,6.718000173568725586e-01,6.937000155448913574e-01,7.067999839782714844e-01,6.977000236511230469e-01
1.037500000000000000e+02,6.764000058174133301e-01,6.697000265121459961e-01,6.938999891281127930e-01,7.063999772071838379e-01,6.996999979019165039e-01
1.040000000000000000e+02,6.729000210762023926e-01,6.631000041961669922e-01,6.963999867439270020e-01,7.034000158309936523e-01,6.995999813079833984e-01
1.042500000000000000e+02,6.733999848365783691e-01,6.700000166893005371e-01,6.977999806404113770e-01,7.027999758720397949e-01,7.002999782562255859e-01
1.045000000000000000e+02,6.743000149726867676e-01,6.693000197410583496e-01,6.956999897956848145e-01,7.027000188827514648e-01,6.985999941825866699e-01
1.047500000000000000e+02,6.755999922752380371e-01,6.697999835014343262e-01,6.947000026702880859e-01,7.049999833106994629e-01,6.978999972343444824e-01
1.050000000000000000e+02,6.775000095367431641e-01,6.599000096321105957e-01,6.955000162124633789e-01,7.032999992370605469e-01,6.966999769210815430e-01
1.052500000000000000e+02,6.747999787330627441e-01,6.699000000953674316e-01,6.978999972343444824e-01,7.017999887466430664e-01,6.984999775886535645e-01
1.055000000000000000e+02,6.771000027656555176e-01,6.701999902725219727e-01,6.991999745368957520e-01,7.045000195503234863e-01,6.973999738693237305e-01
1.057500000000000000e+02,6.758999824523925781e-01,6.686000227928161621e-01,6.951000094413757324e-01,7.055000066757202148e-01,6.985999941825866699e-01
1.060000000000000000e+02,6.784999966621398926e-01,6.657000184059143066e-01,6.959999799728393555e-01,7.034999728202819824e-01,6.990000009536743164e-01
1.062500000000000000e+02,6.797000169754028320e-01,6.707000136375427246e-01,6.974999904632568359e-01,7.052000164985656738e-01,6.966000199317932129e-01
1.065000000000000000e+02,6.779000163078308105e-01,6.740000247955322266e-01,6.959000229835510254e-01,7.055000066757202148e-01,6.985999941825866699e-01
1.067500000000000000e+02,6.777999997138977051e-01,6.736000180244445801e-01,6.973000168800354004e-01,7.059999704360961914e-01,6.962000131607055664e-01
1.070000000000000000e+02,6.761000156402587891e-01,6.628999710083007812e-01,6.992999911308288574e-01,7.067999839782714844e-01,6.995999813079833984e-01
1.072500000000000000e+02,6.764000058174133301e-01,6.705999970436096191e-01,6.980000138282775879e-01,7.039999961853027344e-01,6.981999874114990234e-01
1.075000000000000000e+02,6.759999990463256836e-01,6.741999983787536621e-01,6.966999769210815430e-01,7.034000158309936523e-01,6.963000297546386719e-01
1.077500000000000000e+02,6.768000125885009766e-01,6.729000210762023926e-01,6.973999738693237305e-01,7.042999863624572754e-01,6.992999911308288574e-01
1.080000000000000000e+02,6.747999787330627441e-01,6.653000116348266602e-01,6.988999843597412109e-01,7.041000127792358398e-01,6.998999714851379395e-01
1.082500000000000000e+02,6.755999922752380371e-01,6.700999736785888672e-01,6.974999904632568359e-01,7.042000293731689453e-01,7.003999948501586914e-01
1.085000000000000000e+02,6.754000186920166016e-01,6.701999902725219727e-01,6.948999762535095215e-01,7.042999863624572754e-01,7.005000114440917969e-01
1.087500000000000000e+02,6.739000082015991211e-01,6.700000166893005371e-01,6.963999867439270020e-01,7.064999938011169434e-01,6.972000002861022949e-01
1.090000000000000000e+02,6.707999706268310547e-01,6.632999777793884277e-01,6.978999972343444824e-01,7.070000171661376953e-01,7.002999782562255859e-01
1.092500000000000000e+02,6.747999787330627441e-01,6.725000143051147461e-01,6.991000175476074219e-01,7.064999938011169434e-01,6.996999979019165039e-01
1.095000000000000000e+02,6.748999953269958496e-01,6.707999706268310547e-01,6.941000223159790039e-01,7.084000110626220703e-01,6.999999880790710449e-01
1.097500000000000000e+02,6.754000186920166016e-01,6.621000170707702637e-01,6.953999996185302734e-01,7.067000269889831543e-01,6.966999769210815430e-01
1.100000000000000000e+02,6.733999848365783691e-01,6.668000221252441406e-01,6.966000199317932129e-01,7.046999931335449219e-01,6.980999708175659180e-01
1.102500000000000000e+02,6.737999916076660156e-01,6.729000210762023926e-01,6.963999867439270020e-01,7.034999728202819824e-01,6.998000144958496094e-01
1.105000000000000000e+02,6.743999719619750977e-01,6.743999719619750977e-01,6.937999725341796875e-01,7.034000158309936523e-01,6.992999911308288574e-01
1.107500000000000000e+02,6.766999959945678711e-01,6.582000255584716797e-01,6.935999989509582520e-01,7.063000202178955078e-01,6.978999972343444824e-01
1.110000000000000000e+02,6.750000119209289551e-01,6.693000197410583496e-01,6.963999867439270020e-01,7.070999741554260254e-01,7.002000212669372559e-01
1.112500000000000000e+02,6.728000044822692871e-01,6.733000278472900391e-01,6.973000168800354004e-01,7.049999833106994629e-01,6.977999806404113770e-01
1.115000000000000000e+02,6.750000119209289551e-01,6.718000173568725586e-01,6.930999755859375000e-01,7.050999999046325684e-01,6.994000077247619629e-01
1.117500000000000000e+02,6.751999855041503906e-01,6.625000238418579102e-01,6.937000155448913574e-01,7.067999839782714844e-01,6.974999904632568359e-01
1.120000000000000000e+02,6.743999719619750977e-01,6.715000271797180176e-01,6.966000199317932129e-01,7.048000097274780273e-01,6.977999806404113770e-01
1.122500000000000000e+02,6.743000149726867676e-01,6.719999909400939941e-01,6.967999935150146484e-01,7.074000239372253418e-01,6.977000236511230469e-01
1.125000000000000000e+02,6.735000014305114746e-01,6.733999848365783691e-01,6.974999904632568359e-01,7.078999876976013184e-01,6.988999843597412109e-01
1.127500000000000000e+02,6.737999916076660156e-01,6.686999797821044922e-01,6.991999745368957520e-01,7.078999876976013184e-01,6.987000107765197754e-01
1.130000000000000000e+02,6.769000291824340820e-01,6.718000173568725586e-01,6.985999941825866699e-01,7.067000269889831543e-01,6.980999708175659180e-01
1.132500000000000000e+02,6.784999966621398926e-01,6.747999787330627441e-01,6.973000168800354004e-01,7.056000232696533203e-01,6.970000267028808594e-01
1.135000000000000000e+02,6.775000095367431641e-01,6.710000038146972656e-01,6.942999958992004395e-01,7.066000103950500488e-01,6.980000138282775879e-01
1.137500000000000000e+02,6.782000064849853516e-01,6.618999838829040527e-01,6.955999732017517090e-01,7.074000239372253418e-01,6.995999813079833984e-01
1.140000000000000000e+02,6.777999997138977051e-01,6.728000044822692871e-01,6.992999911308288574e-01,7.071999907493591309e-01,7.016000151634216309e-01
1.142500000000000000e+02,6.762999892234802246e-01,6.769000291824340820e-01,6.991999745368957520e-01,7.056999802589416504e-01,7.006999850273132324e-01
1.145000000000000000e+02,6.755999922752380371e-01,6.753000020980834961e-01,6.988000273704528809e-01,7.062000036239624023e-01,7.005000114440917969e-01
1.147500000000000000e+02,6.743000149726867676e-01,6.701999902725219727e-01,6.965000033378601074e-01,7.059999704360961914e-01,6.998000144958496094e-01
1.150000000000000000e+02,6.737999916076660156e-01,6.721000075340270996e-01,6.988999843597412109e-01,7.056999802589416504e-01,6.996999979019165039e-01
1.152500000000000000e+02,6.750000119209289551e-01,6.721000075340270996e-01,6.991999745368957520e-01,7.067000269889831543e-01,7.005000114440917969e-01
1.155000000000000000e+02,6.758000254631042480e-01,6.746000051498413086e-01,6.966000199317932129e-01,7.060999870300292969e-01,7.034999728202819824e-01
1.157500000000000000e+02,6.761000156402587891e-01,6.615999937057495117e-01,6.966000199317932129e-01,7.073000073432922363e-01,7.009999752044677734e-01
1.160000000000000000e+02,6.737999916076660156e-01,6.725000143051147461e-01,6.977999806404113770e-01,7.074000239372253418e-01,6.998999714851379395e-01
1.162500000000000000e+02,6.761999726295471191e-01,6.744999885559082031e-01,6.984999775886535645e-01,7.060999870300292969e-01,7.013000249862670898e-01
1.165000000000000000e+02,6.761000156402587891e-01,6.736000180244445801e-01,6.995000243186950684e-01,7.063999772071838379e-01,7.024999856948852539e-01
1.167500000000000000e+02,6.715999841690063477e-01,6.711999773979187012e-01,6.960999965667724609e-01,7.067000269889831543e-01,6.988000273704528809e-01
1.170000000000000000e+02,6.743000149726867676e-01,6.751999855041503906e-01,6.977999806404113770e-01,7.069000005722045898e-01,7.014999985694885254e-01
1.172500000000000000e+02,6.771000027656555176e-01,6.741999983787536621e-01,6.973000168800354004e-01,7.052999734878540039e-01,7.010999917984008789e-01
1.175000000000000000e+02,6.772999763488769531e-01,6.766999959945678711e-01,6.969000101089477539e-01,7.042000293731689453e-01,7.024999856948852539e-01
1.177500000000000000e+02,6.769999861717224121e-01,6.664000153541564941e-01,6.933000087738037109e-01,7.056999802589416504e-01,7.014999985694885254e-01
1.180000000000000000e+02,6.772999763488769531e-01,6.732000112533569336e-01,6.977999806404113770e-01,7.052999734878540039e-01,7.020999789237976074e-01
1.182500000000000000e+02,6.772000193595886230e-01,6.728000044822692871e-01,6.969000101089477539e-01,7.055000066757202148e-01,7.001000046730041504e-01
1.185000000000000000e+02,6.765000224113464355e-01,6.729000210762023926e-01,6.956999897956848145e-01,7.041000127792358398e-01,7.013999819755554199e-01
1.187500000000000000e+02,6.780999898910522461e-01,6.692000031471252441e-01,6.937999725341796875e-01,7.057999968528747559e-01,7.001000046730041504e-01
1.190000000000000000e+02,6.769999861717224121e-01,6.758000254631042480e-01,6.987000107765197754e-01,7.081999778747558594e-01,7.002000212669372559e-01
1.192500000000000000e+02,6.758000254631042480e-01,6.744999885559082031e-01,6.983000040054321289e-01,7.053999900817871094e-01,7.017999887466430664e-01
1.195000000000000000e+02,6.761000156402587891e-01,6.740000247955322266e-01,6.952000260353088379e-01,7.053999900817871094e-01,6.973000168800354004e-01
1.197500000000000000e+02,6.761000156402587891e-01,6.675000190734863281e-01,6.969000101089477539e-01,7.080000042915344238e-01,6.984999775886535645e-01
1.200000000000000000e+02,6.765999794006347656e-01,6.747000217437744141e-01,6.992999911308288574e-01,7.074999809265136719e-01,6.990000009536743164e-01
1.202500000000000000e+02,6.776999831199645996e-01,6.750000119209289551e-01,6.980999708175659180e-01,7.071999907493591309e-01,7.001000046730041504e-01
1.205000000000000000e+02,6.782000064849853516e-01,6.798999905586242676e-01,6.999999880790710449e-01,7.078999876976013184e-01,6.995999813079833984e-01
1.207500000000000000e+02,6.771000027656555176e-01,6.783999800682067871e-01,6.992999911308288574e-01,7.069000005722045898e-01,6.995999813079833984e-01
1.210000000000000000e+02,6.779999732971191406e-01,6.776000261306762695e-01,6.996999979019165039e-01,7.074000239372253418e-01,7.002999782562255859e-01
1.212500000000000000e+02,6.776000261306762695e-01,6.789000034332275391e-01,6.998000144958496094e-01,7.077000141143798828e-01,6.998999714851379395e-01
1.215000000000000000e+02,6.790000200271606445e-01,6.791999936103820801e-01,6.983000040054321289e-01,7.077000141143798828e-01,6.995999813079833984e-01
1.217500000000000000e+02,6.789000034332275391e-01,6.790999770164489746e-01,6.990000009536743164e-01,7.078999876976013184e-01,6.995000243186950684e-01
1.220000000000000000e+02,6.790999770164489746e-01,6.786000132560729980e-01,7.003999948501586914e-01,7.074000239372253418e-01,6.996999979019165039e-01
1.222500000000000000e+02,6.782000064849853516e-01,6.786999702453613281e-01,7.006999850273132324e-01,7.077999711036682129e-01,6.994000077247619629e-01
1.225000000000000000e+02,6.786000132560729980e-01,6.761999726295471191e-01,7.005000114440917969e-01,7.074999809265136719e-01,6.998999714851379395e-01
1.227500000000000000e+02,6.790999770164489746e-01,6.772000193595886230e-01,6.992999911308288574e-01,7.087000012397766113e-01,6.991000175476074219e-01
1.230000000000000000e+02,6.800000071525573730e-01,6.776000261306762695e-01,6.999999880790710449e-01,7.081000208854675293e-01,6.991999745368957520e-01
1.232500000000000000e+02,6.790999770164489746e-01,6.779999732971191406e-01,6.996999979019165039e-01,7.070000171661376953e-01,6.991999745368957520e-01
1.235000000000000000e+02,6.794000267982482910e-01,6.786999702453613281e-01,6.991000175476074219e-01,7.077999711036682129e-01,6.995000243186950684e-01
1.237500000000000000e+02,6.794000267982482910e-01,6.793000102043151855e-01,6.995000243186950684e-01,7.081000208854675293e-01,7.003999948501586914e-01
1.240000000000000000e+02,6.797000169754028320e-01,6.786999702453613281e-01,7.012000083923339844e-01,7.081000208854675293e-01,6.995000243186950684e-01
1.242500000000000000e+02,6.790999770164489746e-01,6.804999709129333496e-01,6.998999714851379395e-01,7.081999778747558594e-01,7.001000046730041504e-01
1.245000000000000000e+02,6.789000034332275391e-01,6.790999770164489746e-01,6.970999836921691895e-01,7.088999748229980469e-01,6.991999745368957520e-01
1.247500000000000000e+02,6.790000200271606445e-01,6.791999936103820801e-01,6.958000063896179199e-01,7.069000005722045898e-01,7.010999917984008789e-01
1.250000000000000000e+02,6.790999770164489746e-01,6.797000169754028320e-01,6.998999714851379395e-01,7.087000012397766113e-01,7.002999782562255859e-01
1.252500000000000000e+02,6.786000132560729980e-01,6.791999936103820801e-01,6.988000273704528809e-01,7.081999778747558594e-01,6.996999979019165039e-01
1.255000000000000000e+02,6.793000102043151855e-01,6.793000102043151855e-01,6.978999972343444824e-01,7.089999914169311523e-01,7.003999948501586914e-01
1.257500000000000000e+02,6.786999702453613281e-01,6.800000071525573730e-01,6.988999843597412109e-01,7.080000042915344238e-01,6.998999714851379395e-01
1.260000000000000000e+02,6.790999770164489746e-01,6.796000003814697266e-01,6.995999813079833984e-01,7.082999944686889648e-01,7.008000016212463379e-01
1.262500000000000000e+02,6.782000064849853516e-01,6.796000003814697266e-01,6.978999972343444824e-01,7.085999846458435059e-01,7.009999752044677734e-01
1.265000000000000000e+02,6.780999898910522461e-01,6.794000267982482910e-01,6.983000040054321289e-01,7.074999809265136719e-01,7.013999819755554199e-01
1.267500000000000000e+02,6.787999868392944336e-01,6.797000169754028320e-01,6.988000273704528809e-01,7.087000012397766113e-01,7.009000182151794434e-01
1.270000000000000000e+02,6.790000200271606445e-01,6.786999702453613281e-01,6.991999745368957520e-01,7.081000208854675293e-01,7.013000249862670898e-01
1.272500000000000000e+02,6.789000034332275391e-01,6.796000003814697266e-01,6.988999843597412109e-01,7.071999907493591309e-01,7.010999917984008789e-01
1.275000000000000000e+02,6.786999702453613281e-01,6.787999868392944336e-01,6.977999806404113770e-01,7.077999711036682129e-01,7.012000083923339844e-01
1.277500000000000000e+02,6.776999831199645996e-01,6.790000200271606445e-01,6.995999813079833984e-01,7.089999914169311523e-01,7.013000249862670898e-01
1.280000000000000000e+02,6.794000267982482910e-01,6.793000102043151855e-01,6.992999911308288574e-01,7.074999809265136719e-01,7.010999917984008789e-01
1.282500000000000000e+02,6.787999868392944336e-01,6.786999702453613281e-01,6.998999714851379395e-01,7.067000269889831543e-01,7.009000182151794434e-01
1.285000000000000000e+02,6.783000230789184570e-01,6.783999800682067871e-01,6.995000243186950684e-01,7.082999944686889648e-01,7.010999917984008789e-01
1.287500000000000000e+02,6.786999702453613281e-01,6.790999770164489746e-01,6.995999813079833984e-01,7.081000208854675293e-01,7.001000046730041504e-01
1.290000000000000000e+02,6.797999739646911621e-01,6.790999770164489746e-01,6.998000144958496094e-01,7.081000208854675293e-01,6.990000009536743164e-01
1.292500000000000000e+02,6.798999905586242676e-01,6.797999739646911621e-01,6.974999904632568359e-01,7.074000239372253418e-01,7.005000114440917969e-01
1.295000000000000000e+02,6.790000200271606445e-01,6.804000139236450195e-01,7.002000212669372559e-01,7.074999809265136719e-01,7.002000212669372559e-01
1.297500000000000000e+02,6.797000169754028320e-01,6.797000169754028320e-01,6.995999813079833984e-01,7.069000005722045898e-01,7.002999782562255859e-01
1.300000000000000000e+02,6.802999973297119141e-01,6.801999807357788086e-01,6.998999714851379395e-01,7.075999975204467773e-01,7.005000114440917969e-01
1.302500000000000000e+02,6.797999739646911621e-01,6.801999807357788086e-01,6.995000243186950684e-01,7.074999809265136719e-01,7.009000182151794434e-01
1.305000000000000000e+02,6.794999837875366211e-01,6.776999831199645996e-01,7.002000212669372559e-01,7.069000005722045898e-01,7.002000212669372559e-01
1.307500000000000000e+02,6.794999837875366211e-01,6.798999905586242676e-01,6.995999813079833984e-01,7.070999741554260254e-01,7.009000182151794434e-01
1.310000000000000000e+02,6.794999837875366211e-01,6.804999709129333496e-01,6.999999880790710449e-01,7.073000073432922363e-01,7.003999948501586914e-01
1.312500000000000000e+02,6.798999905586242676e-01,6.793000102043151855e-01,6.998000144958496094e-01,7.067000269889831543e-01,7.013000249862670898e-01
1.315000000000000000e+02,6.794000267982482910e-01,6.816999912261962891e-01,6.996999979019165039e-01,7.069000005722045898e-01,7.003999948501586914e-01
1.317500000000000000e+02,6.779999732971191406e-01,6.809999942779541016e-01,7.013000249862670898e-01,7.063000202178955078e-01,6.998999714851379395e-01
1.320000000000000000e+02,6.797000169754028320e-01,6.811000108718872070e-01,7.008000016212463379e-01,7.063000202178955078e-01,6.996999979019165039e-01
1.322500000000000000e+02,6.797000169754028320e-01,6.815999746322631836e-01,7.006999850273132324e-01,7.074000239372253418e-01,7.008000016212463379e-01
1.325000000000000000e+02,6.771000027656555176e-01,6.804000139236450195e-01,7.005000114440917969e-01,7.074999809265136719e-01,6.995999813079833984e-01
1.327500000000000000e+02,6.780999898910522461e-01,6.811000108718872070e-01,7.002999782562255859e-01,7.080000042915344238e-01,7.005000114440917969e-01
1.330000000000000000e+02,6.790000200271606445e-01,6.801999807357788086e-01,7.006000280380249023e-01,7.066000103950500488e-01,7.002000212669372559e-01
1.332500000000000000e+02,6.791999936103820801e-01,6.815999746322631836e-01,7.013000249862670898e-01,7.066000103950500488e-01,7.005000114440917969e-01
1.335000000000000000e+02,6.798999905586242676e-01,6.769999861717224121e-01,7.006999850273132324e-01,7.066000103950500488e-01,7.008000016212463379e-01
1.337500000000000000e+02,6.794999837875366211e-01,6.796000003814697266e-01,6.992999911308288574e-01,7.070000171661376953e-01,7.016000151634216309e-01
1.340000000000000000e+02,6.790000200271606445e-01,6.816999912261962891e-01,7.005000114440917969e-01,7.070000171661376953e-01,7.014999985694885254e-01
1.342500000000000000e+02,6.777999997138977051e-01,6.808999776840209961e-01,6.998999714851379395e-01,7.066000103950500488e-01,7.009999752044677734e-01
1.345000000000000000e+02,6.794999837875366211e-01,6.764000058174133301e-01,7.008000016212463379e-01,7.066000103950500488e-01,7.012000083923339844e-01
1.347500000000000000e+02,6.790000200271606445e-01,6.779000163078308105e-01,7.002000212669372559e-01,7.062000036239624023e-01,6.999999880790710449e-01
1.350000000000000000e+02,6.794000267982482910e-01,6.798999905586242676e-01,7.009000182151794434e-01,7.063999772071838379e-01,7.016000151634216309e-01
1.352500000000000000e+02,6.790999770164489746e-01,6.782000064849853516e-01,7.009000182151794434e-01,7.069000005722045898e-01,7.009999752044677734e-01
1.355000000000000000e+02,6.783999800682067871e-01,6.765999794006347656e-01,7.013999819755554199e-01,7.074000239372253418e-01,7.014999985694885254e-01
1.357500000000000000e+02,6.794000267982482910e-01,6.773999929428100586e-01,7.006999850273132324e-01,7.071999907493591309e-01,7.014999985694885254e-01
1.360000000000000000e+02,6.798999905586242676e-01,6.789000034332275391e-01,7.006000280380249023e-01,7.074000239372253418e-01,7.017999887466430664e-01
1.362500000000000000e+02,6.791999936103820801e-01,6.780999898910522461e-01,7.019000053405761719e-01,7.062000036239624023e-01,7.009000182151794434e-01
1.365000000000000000e+02,6.787999868392944336e-01,6.783000230789184570e-01,7.016999721527099609e-01,7.059999704360961914e-01,7.009999752044677734e-01
1.367500000000000000e+02,6.791999936103820801e-01,6.783000230789184570e-01,7.014999985694885254e-01,7.067000269889831543e-01,7.016999721527099609e-01
1.370000000000000000e+02,6.769000291824340820e-01,6.797999739646911621e-01,7.016999721527099609e-01,7.060999870300292969e-01,7.017999887466430664e-01
1.372500000000000000e+02,6.793000102043151855e-01,6.797999739646911621e-01,6.999999880790710449e-01,7.062000036239624023e-01,7.020999789237976074e-01
1.375000000000000000e+02,6.794999837875366211e-01,6.793000102043151855e-01,7.006000280380249023e-01,7.056000232696533203e-01,7.017999887466430664e-01
1.377500000000000000e+02,6.790999770164489746e-01,6.790999770164489746e-01,6.998000144958496094e-01,7.063000202178955078e-01,7.009000182151794434e-01
1.380000000000000000e+02,6.786999702453613281e-01,6.786999702453613281e-01,7.012000083923339844e-01,7.063000202178955078e-01,7.019000053405761719e-01
1.382500000000000000e+02,6.797000169754028320e-01,6.787999868392944336e-01,7.010999917984008789e-01,7.067000269889831543e-01,7.017999887466430664e-01
1.385000000000000000e+02,6.794000267982482910e-01,6.784999966621398926e-01,7.006000280380249023e-01,7.067999839782714844e-01,7.016000151634216309e-01
1.387500000000000000e+02,6.796000003814697266e-01,6.787999868392944336e-01,7.001000046730041504e-01,7.059000134468078613e-01,7.013999819755554199e-01
1.390000000000000000e+02,6.798999905586242676e-01,6.786999702453613281e-01,7.005000114440917969e-01,7.059999704360961914e-01,7.010999917984008789e-01
1.392500000000000000e+02,6.790999770164489746e-01,6.779000163078308105e-01,7.002000212669372559e-01,7.052000164985656738e-01,7.014999985694885254e-01
1.395000000000000000e+02,6.793000102043151855e-01,6.753000020980834961e-01,6.998999714851379395e-01,7.055000066757202148e-01,7.024999856948852539e-01
1.397500000000000000e+02,6.783000230789184570e-01,6.776999831199645996e-01,7.005000114440917969e-01,7.056000232696533203e-01,7.019000053405761719e-01
1.400000000000000000e+02,6.780999898910522461e-01,6.786999702453613281e-01,7.009999752044677734e-01,7.063999772071838379e-01,7.012000083923339844e-01
