2.500000000000000000e-01,2.523986625671386719e+01,4.579647541046142578e+00,4.452421665191650391e+00,6.685926437377929688e+00,6.007936000823974609e+00
5.000000000000000000e-01,2.800401878356933594e+01,4.583160877227783203e+00,4.437827110290527344e+00,4.438122749328613281e+00,4.489721298217773438e+00
7.500000000000000000e-01,3.121391296386718750e+01,4.563846111297607422e+00,4.501155853271484375e+00,4.381648063659667969e+00,4.456650257110595703e+00
1.000000000000000000e+00,2.462547302246093750e+01,4.554716587066650391e+00,4.923325061798095703e+00,4.544312477111816406e+00,4.491288185119628906e+00
1.250000000000000000e+00,1.821144676208496094e+01,4.525603771209716797e+00,4.262454509735107422e+00,4.116057395935058594e+00,4.109728813171386719e+00
1.500000000000000000e+00,2.018311691284179688e+01,4.480667591094970703e+00,3.990108489990234375e+00,3.865822553634643555e+00,3.886351585388183594e+00
1.750000000000000000e+00,1.584374523162841797e+01,4.383915901184082031e+00,4.215894699096679688e+00,3.729300737380981445e+00,3.810565710067749023e+00
2.000000000000000000e+00,1.420993328094482422e+01,4.323127746582031250e+00,4.229493141174316406e+00,3.938308954238891602e+00,3.764772653579711914e+00
2.250000000000000000e+00,9.406331062316894531e+00,4.362308502197265625e+00,4.009511947631835938e+00,3.654756546020507812e+00,3.570738315582275391e+00
2.500000000000000000e+00,7.434500694274902344e+00,4.322521686553955078e+00,3.725434303283691406e+00,3.502885818481445312e+00,3.612471103668212891e+00
2.750000000000000000e+00,7.012741565704345703e+00,4.213010311126708984e+00,4.026252269744873047e+00,3.439091444015502930e+00,3.436394453048706055e+00
3.000000000000000000e+00,6.786437511444091797e+00,4.125852108001708984e+00,4.044953823089599609e+00,3.535959005355834961e+00,3.474028110504150391e+00
3.250000000000000000e+00,5.330237388610839844e+00,4.194973945617675781e+00,3.810466766357421875e+00,3.360558509826660156e+00,3.417106151580810547e+00
3.500000000000000000e+00,5.137046337127685547e+00,4.138919830322265625e+00,3.493735551834106445e+00,3.256116390228271484e+00,3.313789367675781250e+00
3.750000000000000000e+00,4.989088535308837891e+00,4.013175964355468750e+00,3.833511352539062500e+00,3.277541399002075195e+00,3.230169773101806641e+00
4.000000000000000000e+00,4.925653457641601562e+00,3.932059049606323242e+00,3.935456275939941406e+00,3.330637216567993164e+00,3.222185134887695312e+00
4.250000000000000000e+00,4.350953102111816406e+00,3.980994224548339844e+00,3.724762439727783203e+00,3.148688316345214844e+00,3.206043958663940430e+00
4.500000000000000000e+00,4.396545886993408203e+00,3.899049997329711914e+00,3.344028949737548828e+00,3.125151872634887695e+00,3.156738758087158203e+00
4.750000000000000000e+00,4.692286491394042969e+00,3.811823368072509766e+00,3.695600032806396484e+00,3.067357540130615234e+00,3.158768415451049805e+00
5.000000000000000000e+00,4.347520351409912109e+00,3.756770610809326172e+00,3.774458885192871094e+00,3.056088924407958984e+00,3.124817371368408203e+00
5.250000000000000000e+00,3.850493431091308594e+00,3.870168447494506836e+00,3.384328126907348633e+00,2.977792501449584961e+00,3.049622297286987305e+00
5.500000000000000000e+00,3.891485929489135742e+00,3.834096431732177734e+00,3.135884284973144531e+00,2.888508796691894531e+00,3.150115966796875000e+00
5.750000000000000000e+00,3.967311620712280273e+00,3.728219509124755859e+00,3.469058275222778320e+00,2.932310104370117188e+00,3.028238773345947266e+00
6.000000000000000000e+00,3.838773727416992188e+00,3.685985088348388672e+00,3.600424528121948242e+00,2.825745820999145508e+00,2.951041698455810547e+00
6.250000000000000000e+00,3.555063962936401367e+00,3.775235176086425781e+00,3.150188207626342773e+00,2.772117376327514648e+00,2.979238986968994141e+00
6.500000000000000000e+00,3.445399284362792969e+00,3.760156631469726562e+00,3.122536420822143555e+00,2.754075765609741211e+00,3.080962419509887695e+00
6.750000000000000000e+00,3.415414094924926758e+00,3.663798809051513672e+00,3.246948003768920898e+00,2.759188175201416016e+00,2.892990589141845703e+00
7.000000000000000000e+00,3.372771978378295898e+00,3.581424236297607422e+00,3.398487091064453125e+00,2.690748929977416992e+00,2.756230115890502930e+00
7.250000000000000000e+00,3.363202810287475586e+00,3.578567981719970703e+00,2.921098947525024414e+00,2.632601261138916016e+00,2.680965900421142578e+00
7.500000000000000000e+00,3.195254802703857422e+00,3.605504274368286133e+00,2.828542709350585938e+00,2.690595149993896484e+00,2.632953405380249023e+00
7.750000000000000000e+00,2.932204008102416992e+00,3.524584054946899414e+00,3.043792247772216797e+00,2.587643146514892578e+00,2.778990507125854492e+00
8.000000000000000000e+00,3.080376148223876953e+00,3.660552740097045898e+00,3.130204200744628906e+00,2.561558961868286133e+00,2.666927576065063477e+00
8.250000000000000000e+00,3.229648351669311523e+00,3.381224155426025391e+00,2.826646566390991211e+00,2.569267511367797852e+00,2.697644472122192383e+00
8.500000000000000000e+00,3.338085889816284180e+00,3.476513385772705078e+00,2.881477832794189453e+00,2.576751470565795898e+00,2.641369581222534180e+00
8.750000000000000000e+00,3.356278896331787109e+00,3.473235607147216797e+00,2.727103948593139648e+00,2.480446338653564453e+00,2.776885032653808594e+00
9.000000000000000000e+00,3.383489131927490234e+00,3.498253583908081055e+00,2.661319255828857422e+00,2.451583623886108398e+00,2.764996051788330078e+00
9.250000000000000000e+00,2.947917222976684570e+00,3.172803163528442383e+00,2.643861770629882812e+00,2.428440332412719727e+00,2.540540933609008789e+00
9.500000000000000000e+00,2.818698883056640625e+00,3.334124326705932617e+00,2.599007129669189453e+00,2.383128643035888672e+00,2.648877620697021484e+00
9.750000000000000000e+00,2.728527784347534180e+00,3.305192232131958008e+00,2.547204017639160156e+00,2.460718870162963867e+00,2.473996400833129883e+00
1.000000000000000000e+01,2.871091127395629883e+00,3.337328433990478516e+00,2.489856958389282227e+00,2.391125679016113281e+00,2.366155862808227539e+00
1.025000000000000000e+01,2.679981946945190430e+00,3.036657571792602539e+00,2.417306661605834961e+00,2.374007463455200195e+00,2.469117879867553711e+00
1.050000000000000000e+01,2.611122369766235352e+00,3.122894048690795898e+00,2.476890325546264648e+00,2.375234842300415039e+00,2.291272163391113281e+00
1.075000000000000000e+01,2.737896919250488281e+00,3.179121255874633789e+00,2.368897676467895508e+00,2.316451549530029297e+00,2.225985527038574219e+00
1.100000000000000000e+01,2.690236806869506836e+00,3.207444190979003906e+00,2.330095052719116211e+00,2.263979196548461914e+00,2.386503696441650391e+00
1.125000000000000000e+01,2.534573554992675781e+00,2.904025316238403320e+00,2.295796394348144531e+00,2.234168291091918945e+00,2.255194902420043945e+00
1.150000000000000000e+01,2.710845708847045898e+00,3.027866363525390625e+00,2.368229389190673828e+00,2.226501464843750000e+00,2.224482536315917969e+00
1.175000000000000000e+01,2.911873340606689453e+00,3.068987369537353516e+00,2.223219633102416992e+00,2.391052961349487305e+00,2.129720211029052734e+00
1.200000000000000000e+01,2.931066513061523438e+00,3.090242385864257812e+00,2.191266775131225586e+00,2.167307376861572266e+00,2.086531162261962891e+00
1.225000000000000000e+01,2.851952314376831055e+00,2.704729318618774414e+00,2.167138099670410156e+00,2.176706552505493164e+00,2.212803602218627930e+00
1.250000000000000000e+01,3.028697967529296875e+00,2.837279796600341797e+00,2.237538576126098633e+00,2.187013864517211914e+00,2.177882432937622070e+00
1.275000000000000000e+01,2.800338268280029297e+00,2.893561363220214844e+00,2.075630187988281250e+00,2.209743261337280273e+00,2.094651460647583008e+00
1.300000000000000000e+01,2.552604675292968750e+00,2.851481914520263672e+00,2.031804323196411133e+00,2.018946647644042969e+00,2.144356012344360352e+00
1.325000000000000000e+01,2.645547628402709961e+00,2.805489063262939453e+00,2.135592937469482422e+00,2.077005624771118164e+00,2.050301551818847656e+00
1.350000000000000000e+01,2.463007926940917969e+00,2.768431663513183594e+00,2.222632884979248047e+00,2.082925796508789062e+00,2.056035757064819336e+00
1.375000000000000000e+01,2.561608314514160156e+00,2.799939632415771484e+00,1.993880510330200195e+00,1.978855133056640625e+00,2.180505752563476562e+00
1.400000000000000000e+01,2.323365926742553711e+00,2.729034662246704102e+00,1.983368396759033203e+00,1.930102705955505371e+00,2.222878694534301758e+00
1.425000000000000000e+01,2.497762203216552734e+00,2.599518060684204102e+00,2.221243858337402344e+00,1.900042414665222168e+00,2.054318904876708984e+00
1.450000000000000000e+01,2.581546306610107422e+00,2.548295974731445312e+00,2.240970373153686523e+00,1.956844687461853027e+00,2.030182600021362305e+00
1.475000000000000000e+01,2.672926425933837891e+00,2.643767118453979492e+00,1.931352734565734863e+00,2.130069494247436523e+00,1.907492756843566895e+00
1.500000000000000000e+01,2.696744441986083984e+00,2.590901613235473633e+00,1.942023038864135742e+00,1.971056222915649414e+00,1.924846649169921875e+00
1.525000000000000000e+01,2.705784797668457031e+00,2.446199893951416016e+00,2.019097805023193359e+00,1.986282825469970703e+00,2.082789897918701172e+00
1.550000000000000000e+01,3.025440931320190430e+00,2.441279888153076172e+00,2.034413814544677734e+00,2.087855577468872070e+00,1.997116565704345703e+00
1.575000000000000000e+01,2.635720729827880859e+00,2.476973772048950195e+00,1.904731869697570801e+00,2.024546146392822266e+00,1.848099827766418457e+00
1.600000000000000000e+01,2.532070398330688477e+00,2.331485509872436523e+00,1.836318969726562500e+00,1.825373768806457520e+00,1.907998681068420410e+00
1.625000000000000000e+01,2.790382623672485352e+00,2.318345069885253906e+00,2.056269168853759766e+00,1.932387113571166992e+00,1.833833932876586914e+00
1.650000000000000000e+01,2.727274894714355469e+00,2.378734111785888672e+00,2.029686212539672852e+00,1.916825771331787109e+00,1.924610137939453125e+00
1.675000000000000000e+01,2.712714910507202148e+00,2.467801094055175781e+00,1.875141978263854980e+00,1.879909396171569824e+00,1.816807031631469727e+00
1.700000000000000000e+01,2.386918067932128906e+00,2.322490930557250977e+00,1.863356828689575195e+00,1.769846677780151367e+00,1.814859628677368164e+00
1.725000000000000000e+01,2.147487163543701172e+00,2.335206985473632812e+00,1.879321098327636719e+00,1.820624589920043945e+00,1.920286178588867188e+00
1.750000000000000000e+01,2.212875127792358398e+00,2.359466075897216797e+00,1.861836075782775879e+00,1.852340579032897949e+00,1.780240416526794434e+00
1.775000000000000000e+01,2.431933403015136719e+00,2.436658382415771484e+00,1.726686954498291016e+00,1.871931791305541992e+00,1.898666739463806152e+00
1.800000000000000000e+01,2.496734857559204102e+00,2.247878313064575195e+00,1.727613091468811035e+00,1.747621893882751465e+00,1.788276195526123047e+00
1.825000000000000000e+01,2.080964565277099609e+00,2.227328062057495117e+00,1.823817133903503418e+00,1.941418170928955078e+00,1.868077754974365234e+00
1.850000000000000000e+01,2.471272468566894531e+00,2.218239307403564453e+00,1.911745071411132812e+00,2.003066301345825195e+00,2.009482145309448242e+00
1.875000000000000000e+01,2.290649652481079102e+00,2.279565334320068359e+00,1.765419125556945801e+00,1.892902731895446777e+00,1.822429895401000977e+00
1.900000000000000000e+01,2.307511091232299805e+00,2.221421003341674805e+00,1.753818154335021973e+00,1.719901561737060547e+00,1.778916358947753906e+00
1.925000000000000000e+01,2.603285551071166992e+00,2.218956470489501953e+00,1.859896540641784668e+00,1.775927543640136719e+00,1.916545748710632324e+00
1.950000000000000000e+01,2.372540712356567383e+00,2.208911180496215820e+00,1.895549654960632324e+00,1.830942153930664062e+00,1.877950549125671387e+00
1.975000000000000000e+01,2.324117660522460938e+00,2.222791910171508789e+00,1.736553072929382324e+00,1.865628480911254883e+00,1.748409748077392578e+00
2.000000000000000000e+01,2.271356105804443359e+00,2.203919172286987305e+00,1.662316560745239258e+00,1.698042631149291992e+00,1.843384742736816406e+00
2.025000000000000000e+01,2.163370609283447266e+00,2.194302320480346680e+00,1.663257837295532227e+00,1.776339054107666016e+00,1.824591159820556641e+00
2.050000000000000000e+01,2.189494371414184570e+00,2.147521257400512695e+00,1.747606873512268066e+00,1.898547887802124023e+00,1.817982792854309082e+00
2.075000000000000000e+01,2.000906467437744141e+00,2.201405048370361328e+00,1.667231798171997070e+00,1.905179262161254883e+00,1.773563504219055176e+00
2.100000000000000000e+01,1.931599855422973633e+00,2.168253421783447266e+00,1.657064080238342285e+00,1.674574017524719238e+00,1.635881066322326660e+00
2.125000000000000000e+01,1.990628719329833984e+00,2.090102434158325195e+00,1.732465982437133789e+00,1.772958636283874512e+00,1.606140255928039551e+00
2.150000000000000000e+01,1.999705672264099121e+00,2.097056150436401367e+00,1.782114028930664062e+00,1.755989074707031250e+00,1.653811931610107422e+00
2.175000000000000000e+01,2.054110765457153320e+00,2.145610570907592773e+00,1.670261383056640625e+00,1.733711123466491699e+00,1.717364430427551270e+00
2.200000000000000000e+01,1.978980064392089844e+00,2.112694978713989258e+00,1.631052374839782715e+00,1.569889426231384277e+00,1.663032174110412598e+00
2.225000000000000000e+01,2.049770355224609375e+00,2.069860219955444336e+00,1.654985785484313965e+00,1.628491997718811035e+00,1.631596446037292480e+00
2.250000000000000000e+01,2.041862487792968750e+00,2.120565414428710938e+00,1.669938325881958008e+00,1.663598060607910156e+00,1.711810708045959473e+00
2.275000000000000000e+01,2.047181844711303711e+00,2.119719266891479492e+00,1.592997670173645020e+00,1.704245567321777344e+00,1.702732563018798828e+00
2.300000000000000000e+01,1.895173668861389160e+00,2.094208002090454102e+00,1.575798869132995605e+00,1.590090513229370117e+00,1.654394865036010742e+00
2.325000000000000000e+01,1.892762064933776855e+00,2.013706684112548828e+00,1.629684209823608398e+00,1.757656097412109375e+00,1.616620302200317383e+00
2.350000000000000000e+01,1.938067436218261719e+00,2.008931398391723633e+00,1.707845330238342285e+00,1.683653473854064941e+00,1.587378859519958496e+00
2.375000000000000000e+01,1.976759552955627441e+00,2.040709495544433594e+00,1.576267361640930176e+00,1.632778763771057129e+00,1.537283062934875488e+00
2.400000000000000000e+01,2.008212804794311523e+00,2.004119873046875000e+00,1.554784297943115234e+00,1.520570278167724609e+00,1.643086075782775879e+00
2.425000000000000000e+01,1.884587168693542480e+00,1.946975946426391602e+00,1.566502809524536133e+00,1.588307857513427734e+00,1.665037274360656738e+00
2.450000000000000000e+01,1.959667801856994629e+00,1.984773039817810059e+00,1.592305898666381836e+00,1.591654658317565918e+00,1.543436169624328613e+00
2.475000000000000000e+01,1.921451330184936523e+00,1.941269874572753906e+00,1.519231200218200684e+00,1.594966411590576172e+00,1.544913053512573242e+00
2.500000000000000000e+01,1.919506788253784180e+00,1.991098999977111816e+00,1.520498514175415039e+00,1.461564302444458008e+00,1.555792689323425293e+00
2.525000000000000000e+01,1.954478740692138672e+00,1.938203930854797363e+00,1.608195900917053223e+00,1.606482505798339844e+00,1.544506311416625977e+00
2.550000000000000000e+01,2.048991918563842773e+00,1.939439296722412109e+00,1.619900584220886230e+00,1.728503346443176270e+00,1.515408992767333984e+00
2.575000000000000000e+01,2.108211040496826172e+00,1.908771514892578125e+00,1.521790623664855957e+00,1.681724429130554199e+00,1.567371726036071777e+00
2.600000000000000000e+01,1.935400247573852539e+00,1.939115762710571289e+00,1.503381252288818359e+00,1.473075389862060547e+00,1.484850168228149414e+00
2.625000000000000000e+01,1.878247499465942383e+00,1.874275922775268555e+00,1.583854675292968750e+00,1.595867276191711426e+00,1.531609654426574707e+00
2.650000000000000000e+01,2.067895412445068359e+00,1.873985528945922852e+00,1.575334906578063965e+00,1.629391908645629883e+00,1.471903085708618164e+00
2.675000000000000000e+01,2.125094175338745117e+00,1.883009791374206543e+00,1.505243182182312012e+00,1.679417133331298828e+00,1.587281107902526855e+00
2.700000000000000000e+01,1.957687139511108398e+00,2.074213027954101562e+00,1.467512011528015137e+00,1.507278203964233398e+00,1.555584311485290527e+00
2.725000000000000000e+01,1.813286185264587402e+00,1.926827788352966309e+00,1.606307625770568848e+00,1.542714238166809082e+00,1.494910955429077148e+00
2.750000000000000000e+01,1.970089316368103027e+00,1.906305074691772461e+00,1.583537101745605469e+00,1.597947597503662109e+00,1.530672192573547363e+00
2.775000000000000000e+01,1.943567395210266113e+00,1.973893165588378906e+00,1.464056968688964844e+00,1.653941392898559570e+00,1.469732165336608887e+00
2.800000000000000000e+01,1.801134586334228516e+00,2.023166894912719727e+00,1.431955456733703613e+00,1.440058350563049316e+00,1.539566516876220703e+00
2.825000000000000000e+01,1.924322843551635742e+00,1.893103718757629395e+00,1.536969900131225586e+00,1.473823666572570801e+00,1.508319616317749023e+00
2.850000000000000000e+01,1.875159978866577148e+00,1.864621043205261230e+00,1.584157586097717285e+00,1.455272316932678223e+00,1.489202857017517090e+00
2.875000000000000000e+01,1.733493566513061523e+00,1.871393322944641113e+00,1.430411458015441895e+00,1.469267725944519043e+00,1.502819061279296875e+00
2.900000000000000000e+01,1.778353929519653320e+00,2.016670227050781250e+00,1.413074016571044922e+00,1.350520849227905273e+00,1.480363011360168457e+00
2.925000000000000000e+01,1.785256385803222656e+00,1.891711354255676270e+00,1.468042016029357910e+00,1.463059425354003906e+00,1.533926010131835938e+00
2.950000000000000000e+01,1.835041046142578125e+00,1.902391791343688965e+00,1.653877377510070801e+00,1.475830912590026855e+00,1.459891557693481445e+00
2.975000000000000000e+01,1.761290669441223145e+00,1.841372609138488770e+00,1.475540637969970703e+00,1.484448075294494629e+00,1.428688883781433105e+00
3.000000000000000000e+01,1.867544770240783691e+00,2.008453607559204102e+00,1.439756631851196289e+00,1.590846180915832520e+00,1.459148645401000977e+00
3.025000000000000000e+01,1.773575782775878906e+00,1.875035881996154785e+00,1.501367211341857910e+00,1.436830163002014160e+00,1.399522304534912109e+00
3.050000000000000000e+01,1.696881413459777832e+00,1.815185546875000000e+00,1.533332824707031250e+00,1.468934297561645508e+00,1.453259229660034180e+00
3.075000000000000000e+01,2.093945026397705078e+00,1.779762148857116699e+00,1.395681500434875488e+00,1.489587664604187012e+00,1.493712663650512695e+00
3.100000000000000000e+01,2.090416908264160156e+00,1.863302588462829590e+00,1.409093856811523438e+00,1.528632640838623047e+00,1.466500759124755859e+00
3.125000000000000000e+01,2.050474166870117188e+00,1.808192014694213867e+00,1.522100329399108887e+00,1.362250566482543945e+00,1.459711790084838867e+00
3.150000000000000000e+01,1.978777766227722168e+00,1.765381217002868652e+00,1.462065219879150391e+00,1.479273557662963867e+00,1.363668680191040039e+00
3.175000000000000000e+01,2.214634418487548828e+00,1.786333799362182617e+00,1.396339058876037598e+00,1.491863608360290527e+00,1.419123053550720215e+00
3.200000000000000000e+01,1.791552901268005371e+00,1.911511659622192383e+00,1.371312618255615234e+00,1.631628751754760742e+00,1.503828644752502441e+00
3.225000000000000000e+01,1.843473672866821289e+00,1.801137447357177734e+00,1.434905052185058594e+00,1.367954492568969727e+00,1.585765600204467773e+00
3.250000000000000000e+01,1.832870721817016602e+00,1.789537906646728516e+00,1.519609808921813965e+00,1.483443856239318848e+00,1.442929625511169434e+00
3.275000000000000000e+01,1.885303735733032227e+00,1.740741848945617676e+00,1.395920753479003906e+00,1.504583597183227539e+00,1.489208221435546875e+00
3.300000000000000000e+01,1.741439819335937500e+00,1.837888836860656738e+00,1.348496556282043457e+00,1.631677031517028809e+00,1.461034655570983887e+00
3.325000000000000000e+01,1.800577402114868164e+00,1.735076189041137695e+00,1.480260014533996582e+00,1.399258255958557129e+00,1.391744613647460938e+00
3.350000000000000000e+01,1.796983599662780762e+00,1.702114701271057129e+00,1.507275342941284180e+00,1.521955370903015137e+00,1.389347553253173828e+00
3.375000000000000000e+01,1.959878325462341309e+00,1.710931777954101562e+00,1.364859938621520996e+00,1.585519909858703613e+00,1.411212444305419922e+00
3.400000000000000000e+01,1.831230521202087402e+00,1.927288651466369629e+00,1.364785790443420410e+00,1.555301904678344727e+00,1.419098854064941406e+00
3.425000000000000000e+01,1.825072288513183594e+00,1.777662158012390137e+00,1.396010637283325195e+00,1.354072451591491699e+00,1.459820389747619629e+00
3.450000000000000000e+01,1.828484177589416504e+00,1.813362717628479004e+00,1.463254094123840332e+00,1.393188714981079102e+00,1.465428352355957031e+00
3.475000000000000000e+01,1.675536870956420898e+00,1.786480426788330078e+00,1.326764225959777832e+00,1.437672972679138184e+00,1.404401779174804688e+00
3.500000000000000000e+01,1.894733786582946777e+00,1.754527926445007324e+00,1.315341114997863770e+00,1.413284420967102051e+00,1.433249473571777344e+00
3.525000000000000000e+01,1.886527180671691895e+00,1.681255221366882324e+00,1.394002437591552734e+00,1.317374229431152344e+00,1.433804273605346680e+00
3.550000000000000000e+01,1.771200180053710938e+00,1.647741198539733887e+00,1.504407763481140137e+00,1.464190840721130371e+00,1.371724247932434082e+00
3.575000000000000000e+01,1.759547710418701172e+00,1.651882648468017578e+00,1.356889009475708008e+00,1.433743953704833984e+00,1.446992874145507812e+00
3.600000000000000000e+01,1.690584778785705566e+00,1.790520906448364258e+00,1.312427163124084473e+00,1.470763564109802246e+00,1.466374635696411133e+00
3.625000000000000000e+01,1.777585506439208984e+00,1.666648983955383301e+00,1.349922180175781250e+00,1.296892046928405762e+00,1.362265586853027344e+00
3.650000000000000000e+01,1.835672497749328613e+00,1.646491765975952148e+00,1.388868331909179688e+00,1.457359194755554199e+00,1.345976352691650391e+00
3.675000000000000000e+01,1.747417926788330078e+00,1.578872680664062500e+00,1.280867815017700195e+00,1.411808609962463379e+00,1.411138057708740234e+00
3.700000000000000000e+01,1.819811940193176270e+00,1.707511663436889648e+00,1.281652092933654785e+00,1.423926711082458496e+00,1.416621923446655273e+00
3.725000000000000000e+01,1.753933548927307129e+00,1.621902108192443848e+00,1.371346950531005859e+00,1.272276520729064941e+00,1.422656416893005371e+00
3.750000000000000000e+01,1.968030214309692383e+00,1.617781043052673340e+00,1.444734215736389160e+00,1.331996917724609375e+00,1.368505835533142090e+00
3.775000000000000000e+01,1.801671504974365234e+00,1.627588391304016113e+00,1.298304677009582520e+00,1.348477482795715332e+00,1.354631304740905762e+00
3.800000000000000000e+01,1.869332432746887207e+00,1.669218778610229492e+00,1.279014825820922852e+00,1.464313626289367676e+00,1.379331707954406738e+00
3.825000000000000000e+01,1.793614268302917480e+00,1.585957765579223633e+00,1.298366069793701172e+00,1.305273056030273438e+00,1.364166855812072754e+00
3.850000000000000000e+01,1.818831205368041992e+00,1.568534493446350098e+00,1.326811313629150391e+00,1.409051179885864258e+00,1.342191934585571289e+00
3.875000000000000000e+01,1.806650400161743164e+00,1.628406047821044922e+00,1.264241814613342285e+00,1.367766976356506348e+00,1.324131846427917480e+00
3.900000000000000000e+01,1.929949045181274414e+00,1.741152882575988770e+00,1.243147015571594238e+00,1.386593699455261230e+00,1.391872644424438477e+00
3.925000000000000000e+01,1.831331491470336914e+00,1.587485313415527344e+00,1.322688698768615723e+00,1.253724336624145508e+00,1.307997465133666992e+00
3.950000000000000000e+01,1.659433364868164062e+00,1.570272326469421387e+00,1.361528754234313965e+00,1.409243464469909668e+00,1.252044677734375000e+00
3.975000000000000000e+01,1.707209587097167969e+00,1.562580823898315430e+00,1.260812163352966309e+00,1.407898306846618652e+00,1.377146959304809570e+00
4.000000000000000000e+01,1.684473276138305664e+00,1.745943307876586914e+00,1.253718137741088867e+00,1.422160863876342773e+00,1.362368345260620117e+00
4.025000000000000000e+01,1.785213708877563477e+00,1.592735767364501953e+00,1.366663217544555664e+00,1.385849595069885254e+00,1.390575766563415527e+00
4.050000000000000000e+01,1.771184802055358887e+00,1.557081103324890137e+00,1.404811501502990723e+00,1.249443888664245605e+00,1.412487864494323730e+00
4.075000000000000000e+01,1.627862930297851562e+00,1.554887056350708008e+00,1.286247014999389648e+00,1.385663747787475586e+00,1.410249233245849609e+00
4.100000000000000000e+01,1.707640409469604492e+00,1.674372673034667969e+00,1.250220417976379395e+00,1.327339529991149902e+00,1.324839830398559570e+00
4.125000000000000000e+01,1.590547919273376465e+00,1.589116215705871582e+00,1.291043639183044434e+00,1.416742324829101562e+00,1.380959868431091309e+00
4.150000000000000000e+01,1.712033987045288086e+00,1.516279101371765137e+00,1.316578626632690430e+00,1.280027985572814941e+00,1.323986172676086426e+00
4.175000000000000000e+01,1.663586497306823730e+00,1.498217463493347168e+00,1.239935278892517090e+00,1.375901103019714355e+00,1.313371539115905762e+00
4.200000000000000000e+01,1.788727402687072754e+00,1.616250514984130859e+00,1.222922563552856445e+00,1.512530326843261719e+00,1.319363713264465332e+00
4.225000000000000000e+01,1.687585353851318359e+00,1.517488718032836914e+00,1.353122591972351074e+00,1.491046905517578125e+00,1.281126022338867188e+00
4.250000000000000000e+01,1.607511758804321289e+00,1.521666646003723145e+00,1.368779063224792480e+00,1.263056278228759766e+00,1.302371740341186523e+00
4.275000000000000000e+01,1.562198162078857422e+00,1.558605313301086426e+00,1.275089383125305176e+00,1.341001033782958984e+00,1.350819468498229980e+00
4.300000000000000000e+01,1.563555359840393066e+00,1.647752881050109863e+00,1.228744506835937500e+00,1.333462357521057129e+00,1.305097937583923340e+00
4.325000000000000000e+01,1.714944124221801758e+00,1.541407465934753418e+00,1.317818403244018555e+00,1.315809726715087891e+00,1.332493305206298828e+00
4.350000000000000000e+01,1.810382604598999023e+00,1.509873747825622559e+00,1.372923731803894043e+00,1.216228961944580078e+00,1.361519098281860352e+00
4.375000000000000000e+01,1.935418009757995605e+00,1.484654664993286133e+00,1.245196819305419922e+00,1.380850672721862793e+00,1.506695747375488281e+00
4.400000000000000000e+01,1.669457793235778809e+00,1.671508550643920898e+00,1.213194489479064941e+00,1.378481864929199219e+00,1.341161966323852539e+00
4.425000000000000000e+01,1.681987643241882324e+00,1.560372710227966309e+00,1.264029622077941895e+00,1.449512958526611328e+00,1.409856081008911133e+00
4.450000000000000000e+01,1.711681842803955078e+00,1.521008133888244629e+00,1.398171782493591309e+00,1.245582222938537598e+00,1.352772831916809082e+00
4.475000000000000000e+01,1.703529477119445801e+00,1.530391216278076172e+00,1.261172175407409668e+00,1.258261442184448242e+00,1.432464361190795898e+00
4.500000000000000000e+01,1.851713299751281738e+00,1.622915983200073242e+00,1.191742181777954102e+00,1.344511866569519043e+00,1.335179567337036133e+00
4.525000000000000000e+01,1.855985522270202637e+00,1.541627764701843262e+00,1.312586426734924316e+00,1.334203958511352539e+00,1.400485634803771973e+00
4.550000000000000000e+01,1.803966403007507324e+00,1.532047748565673828e+00,1.357622861862182617e+00,1.200322270393371582e+00,1.361789226531982422e+00
4.575000000000000000e+01,1.930390834808349609e+00,1.509242057800292969e+00,1.245428562164306641e+00,1.288851618766784668e+00,1.443151831626892090e+00
4.600000000000000000e+01,2.003179788589477539e+00,1.677811384201049805e+00,1.209903359413146973e+00,1.405138254165649414e+00,1.459704995155334473e+00
4.625000000000000000e+01,1.795127153396606445e+00,1.539469838142395020e+00,1.306030869483947754e+00,1.382014155387878418e+00,1.421340703964233398e+00
4.650000000000000000e+01,1.705537557601928711e+00,1.491177439689636230e+00,1.342297792434692383e+00,1.204219937324523926e+00,1.336765170097351074e+00
4.675000000000000000e+01,1.677503705024719238e+00,1.500175833702087402e+00,1.222598195075988770e+00,1.279754877090454102e+00,1.342348217964172363e+00
4.700000000000000000e+01,1.710926771163940430e+00,1.610197186470031738e+00,1.217659235000610352e+00,1.344188809394836426e+00,1.275014042854309082e+00
4.725000000000000000e+01,1.667017340660095215e+00,1.518844485282897949e+00,1.359230279922485352e+00,1.410153865814208984e+00,1.434483289718627930e+00
4.750000000000000000e+01,1.664155483245849609e+00,1.460423111915588379e+00,1.342622280120849609e+00,1.246689200401306152e+00,1.453405499458312988e+00
4.775000000000000000e+01,1.735070943832397461e+00,1.445932865142822266e+00,1.216422915458679199e+00,1.349439501762390137e+00,1.312222599983215332e+00
4.800000000000000000e+01,1.749529480934143066e+00,1.607791423797607422e+00,1.286555767059326172e+00,1.363308191299438477e+00,1.377565622329711914e+00
4.825000000000000000e+01,1.706780076026916504e+00,1.503256320953369141e+00,1.193982124328613281e+00,1.448477983474731445e+00,1.406640291213989258e+00
4.850000000000000000e+01,1.790867567062377930e+00,1.469358921051025391e+00,1.261077761650085449e+00,1.253059387207031250e+00,1.362457036972045898e+00
4.875000000000000000e+01,1.634467244148254395e+00,1.469988822937011719e+00,1.178946971893310547e+00,1.366242051124572754e+00,1.402170538902282715e+00
4.900000000000000000e+01,1.744992733001708984e+00,1.543810248374938965e+00,1.277364611625671387e+00,1.357656359672546387e+00,1.375060200691223145e+00
4.925000000000000000e+01,1.663239479064941406e+00,1.442904472351074219e+00,1.295507311820983887e+00,1.440479874610900879e+00,1.401477217674255371e+00
4.950000000000000000e+01,1.687755823135375977e+00,1.427916288375854492e+00,1.188431382179260254e+00,1.334581494331359863e+00,1.343004941940307617e+00
4.975000000000000000e+01,1.717494368553161621e+00,1.440730690956115723e+00,1.166847229003906250e+00,1.166134595870971680e+00,1.371577978134155273e+00
5.000000000000000000e+01,1.610990405082702637e+00,1.532698035240173340e+00,1.250679612159729004e+00,1.259128928184509277e+00,1.422539472579956055e+00
5.025000000000000000e+01,1.624281287193298340e+00,1.413818955421447754e+00,1.331023931503295898e+00,1.315828323364257812e+00,1.560539007186889648e+00
5.050000000000000000e+01,1.632651329040527344e+00,1.417857766151428223e+00,1.199310779571533203e+00,1.281458258628845215e+00,1.432004928588867188e+00
5.075000000000000000e+01,1.653636932373046875e+00,1.425906300544738770e+00,1.162587881088256836e+00,1.149025082588195801e+00,1.397810220718383789e+00
5.100000000000000000e+01,1.785024762153625488e+00,1.635477781295776367e+00,1.258573770523071289e+00,1.235876798629760742e+00,1.322293519973754883e+00
5.125000000000000000e+01,1.714036703109741211e+00,1.460722088813781738e+00,1.347015619277954102e+00,1.262087941169738770e+00,1.369607210159301758e+00
5.150000000000000000e+01,1.700445175170898438e+00,1.425350069999694824e+00,1.191371083259582520e+00,1.387653827667236328e+00,1.465018391609191895e+00
5.175000000000000000e+01,1.801223635673522949e+00,1.438994169235229492e+00,1.165374875068664551e+00,1.217819213867187500e+00,1.405846357345581055e+00
5.200000000000000000e+01,1.764217972755432129e+00,1.603202819824218750e+00,1.303284525871276855e+00,1.317749619483947754e+00,1.388463616371154785e+00
5.225000000000000000e+01,1.814538478851318359e+00,1.467262387275695801e+00,1.331809282302856445e+00,1.427910685539245605e+00,1.460290670394897461e+00
5.250000000000000000e+01,1.746730804443359375e+00,1.425944924354553223e+00,1.193159461021423340e+00,1.408810377120971680e+00,1.398426294326782227e+00
5.275000000000000000e+01,1.796326518058776855e+00,1.447891473770141602e+00,1.157428145408630371e+00,1.178666949272155762e+00,1.322472691535949707e+00
5.300000000000000000e+01,1.631136536598205566e+00,1.586778163909912109e+00,1.267429828643798828e+00,1.285101413726806641e+00,1.314515590667724609e+00
5.325000000000000000e+01,1.649266242980957031e+00,1.459206104278564453e+00,1.288173198699951172e+00,1.323309063911437988e+00,1.342270731925964355e+00
5.350000000000000000e+01,1.625924944877624512e+00,1.382308840751647949e+00,1.160058856010437012e+00,1.355462312698364258e+00,1.357789874076843262e+00
5.375000000000000000e+01,1.723186135292053223e+00,1.389216423034667969e+00,1.138084888458251953e+00,1.183110713958740234e+00,1.418220043182373047e+00
5.400000000000000000e+01,1.939344763755798340e+00,1.503444910049438477e+00,1.253550171852111816e+00,1.349427700042724609e+00,1.392487883567810059e+00
5.425000000000000000e+01,1.955324411392211914e+00,1.379272699356079102e+00,1.363517045974731445e+00,1.445025444030761719e+00,1.377449512481689453e+00
5.450000000000000000e+01,1.981133341789245605e+00,1.375189900398254395e+00,1.194478273391723633e+00,1.411078572273254395e+00,1.337811589241027832e+00
5.475000000000000000e+01,1.902148246765136719e+00,1.404257059097290039e+00,1.149682521820068359e+00,1.181407928466796875e+00,1.395189285278320312e+00
5.500000000000000000e+01,1.721050620079040527e+00,1.502130508422851562e+00,1.296005964279174805e+00,1.251217365264892578e+00,1.355599641799926758e+00
5.525000000000000000e+01,1.833112120628356934e+00,1.394656419754028320e+00,1.339943647384643555e+00,1.321896433830261230e+00,1.362808585166931152e+00
5.550000000000000000e+01,1.671249270439147949e+00,1.383973479270935059e+00,1.205440878868103027e+00,1.419265627861022949e+00,1.486882209777832031e+00
5.575000000000000000e+01,1.748111724853515625e+00,1.396510839462280273e+00,1.173578858375549316e+00,1.217510342597961426e+00,1.455125451087951660e+00
5.600000000000000000e+01,1.737666606903076172e+00,1.471578359603881836e+00,1.280072927474975586e+00,1.297917008399963379e+00,1.345845460891723633e+00
5.625000000000000000e+01,1.979542732238769531e+00,1.380195021629333496e+00,1.326859235763549805e+00,1.389489889144897461e+00,1.321887254714965820e+00
5.650000000000000000e+01,1.743040442466735840e+00,1.347205162048339844e+00,1.191922187805175781e+00,1.398154735565185547e+00,1.429632663726806641e+00
5.675000000000000000e+01,1.745195508003234863e+00,1.395137906074523926e+00,1.157198071479797363e+00,1.208739638328552246e+00,1.338197350502014160e+00
5.700000000000000000e+01,1.688828468322753906e+00,1.515752196311950684e+00,1.248613715171813965e+00,1.295443773269653320e+00,1.421882271766662598e+00
5.725000000000000000e+01,1.651810526847839355e+00,1.441462278366088867e+00,1.284123301506042480e+00,1.348460674285888672e+00,1.505192041397094727e+00
5.750000000000000000e+01,1.728395700454711914e+00,1.418610811233520508e+00,1.159590005874633789e+00,1.361855030059814453e+00,1.423365712165832520e+00
5.775000000000000000e+01,1.751931190490722656e+00,1.415278553962707520e+00,1.131501317024230957e+00,1.179945588111877441e+00,1.347351908683776855e+00
5.800000000000000000e+01,1.707162857055664062e+00,1.488975048065185547e+00,1.291843771934509277e+00,1.312488913536071777e+00,1.342094779014587402e+00
5.825000000000000000e+01,1.802036523818969727e+00,1.391622781753540039e+00,1.376232028007507324e+00,1.332664608955383301e+00,1.429474234580993652e+00
5.850000000000000000e+01,1.741396069526672363e+00,1.368968605995178223e+00,1.193721890449523926e+00,1.308643221855163574e+00,1.438791990280151367e+00
5.875000000000000000e+01,1.631502985954284668e+00,1.399785876274108887e+00,1.158292531967163086e+00,1.372249245643615723e+00,1.456715941429138184e+00
5.900000000000000000e+01,1.751145482063293457e+00,1.474980354309082031e+00,1.267065167427062988e+00,1.164586663246154785e+00,1.405090332031250000e+00
5.925000000000000000e+01,1.818706274032592773e+00,1.408780694007873535e+00,1.380243301391601562e+00,1.335129737854003906e+00,1.351592540740966797e+00
5.950000000000000000e+01,1.721134185791015625e+00,1.386388182640075684e+00,1.198818802833557129e+00,1.342554330825805664e+00,1.353061079978942871e+00
5.975000000000000000e+01,1.704071044921875000e+00,1.399843215942382812e+00,1.138654351234436035e+00,1.286057829856872559e+00,1.410658359527587891e+00
6.000000000000000000e+01,1.604036092758178711e+00,1.430795788764953613e+00,1.246899724006652832e+00,1.159141540527343750e+00,1.507816433906555176e+00
6.025000000000000000e+01,1.706549763679504395e+00,1.361985802650451660e+00,1.304702758789062500e+00,1.245419502258300781e+00,1.466092944145202637e+00
6.050000000000000000e+01,1.700869917869567871e+00,1.367444872856140137e+00,1.162986516952514648e+00,1.454255461692810059e+00,1.400252580642700195e+00
6.075000000000000000e+01,1.645443320274353027e+00,1.358990192413330078e+00,1.143568396568298340e+00,1.389961481094360352e+00,1.411632657051086426e+00
6.100000000000000000e+01,1.643870472908020020e+00,1.445987582206726074e+00,1.298803687095642090e+00,1.204426407814025879e+00,1.336995601654052734e+00
6.125000000000000000e+01,1.702430844306945801e+00,1.378790140151977539e+00,1.349485158920288086e+00,1.301351904869079590e+00,1.375313401222229004e+00
6.150000000000000000e+01,1.714744925498962402e+00,1.364395260810852051e+00,1.185398578643798828e+00,1.421186327934265137e+00,1.398241639137268066e+00
6.175000000000000000e+01,1.669633626937866211e+00,1.363623380661010742e+00,1.159237623214721680e+00,1.401769638061523438e+00,1.366897106170654297e+00
6.200000000000000000e+01,1.674141049385070801e+00,1.444909334182739258e+00,1.280954241752624512e+00,1.212230682373046875e+00,1.443392634391784668e+00
6.225000000000000000e+01,1.686802744865417480e+00,1.366108536720275879e+00,1.363130807876586914e+00,1.337276101112365723e+00,1.344317197799682617e+00
6.250000000000000000e+01,1.613030076026916504e+00,1.338283777236938477e+00,1.230327010154724121e+00,1.472081422805786133e+00,1.393882870674133301e+00
6.275000000000000000e+01,1.702144503593444824e+00,1.363535761833190918e+00,1.163842797279357910e+00,1.393947124481201172e+00,1.382779479026794434e+00
6.300000000000000000e+01,1.555191993713378906e+00,1.397451996803283691e+00,1.242909789085388184e+00,1.190103769302368164e+00,1.397487878799438477e+00
6.325000000000000000e+01,1.629839062690734863e+00,1.324100494384765625e+00,1.309807777404785156e+00,1.321142554283142090e+00,1.357454776763916016e+00
6.350000000000000000e+01,1.654305815696716309e+00,1.322818040847778320e+00,1.156853079795837402e+00,1.375379204750061035e+00,1.395354270935058594e+00
6.375000000000000000e+01,1.675062298774719238e+00,1.328227519989013672e+00,1.127662420272827148e+00,1.405076861381530762e+00,1.522582888603210449e+00
6.400000000000000000e+01,1.765328288078308105e+00,1.385819673538208008e+00,1.278513431549072266e+00,1.200505614280700684e+00,1.517674684524536133e+00
6.425000000000000000e+01,1.707124233245849609e+00,1.322997093200683594e+00,1.357957124710083008e+00,1.298970460891723633e+00,1.432011008262634277e+00
6.450000000000000000e+01,1.652372837066650391e+00,1.323594927787780762e+00,1.165063142776489258e+00,1.351455330848693848e+00,1.402381658554077148e+00
6.475000000000000000e+01,1.651997804641723633e+00,1.326288223266601562e+00,1.139464259147644043e+00,1.362792372703552246e+00,1.407452583312988281e+00
6.500000000000000000e+01,1.621707558631896973e+00,1.438602685928344727e+00,1.274441361427307129e+00,1.210335016250610352e+00,1.336605310440063477e+00
6.525000000000000000e+01,1.604676246643066406e+00,1.318522453308105469e+00,1.369434952735900879e+00,1.239342927932739258e+00,1.467407226562500000e+00
6.550000000000000000e+01,1.604495167732238770e+00,1.304942488670349121e+00,1.162042498588562012e+00,1.290434360504150391e+00,1.364769697189331055e+00
6.575000000000000000e+01,1.646971344947814941e+00,1.321796417236328125e+00,1.126290917396545410e+00,1.379325628280639648e+00,1.400327086448669434e+00
6.600000000000000000e+01,1.552963376045227051e+00,1.387128829956054688e+00,1.276580810546875000e+00,1.206238150596618652e+00,1.380209326744079590e+00
6.625000000000000000e+01,1.568259596824645996e+00,1.343294382095336914e+00,1.269980907440185547e+00,1.339132070541381836e+00,1.361885786056518555e+00
6.650000000000000000e+01,1.642078161239624023e+00,1.299059391021728516e+00,1.154655575752258301e+00,1.398099660873413086e+00,1.380505681037902832e+00
6.675000000000000000e+01,1.635095238685607910e+00,1.311360955238342285e+00,1.129416823387145996e+00,1.473216652870178223e+00,1.461926221847534180e+00
6.700000000000000000e+01,1.583253264427185059e+00,1.373941063880920410e+00,1.286631584167480469e+00,1.223484992980957031e+00,1.501981496810913086e+00
6.725000000000000000e+01,1.670878291130065918e+00,1.274369478225708008e+00,1.297095060348510742e+00,1.462948799133300781e+00,1.615874767303466797e+00
6.750000000000000000e+01,1.883873820304870605e+00,1.265657544136047363e+00,1.140082359313964844e+00,1.421398401260375977e+00,1.701900362968444824e+00
6.775000000000000000e+01,1.697578668594360352e+00,1.278576970100402832e+00,1.123754262924194336e+00,1.361330032348632812e+00,1.536574363708496094e+00
6.800000000000000000e+01,1.644824862480163574e+00,1.353388071060180664e+00,1.324399828910827637e+00,1.195173263549804688e+00,1.487558722496032715e+00
6.825000000000000000e+01,1.621624231338500977e+00,1.285907983779907227e+00,1.388318896293640137e+00,1.255525588989257812e+00,1.499575734138488770e+00
6.850000000000000000e+01,1.623597621917724609e+00,1.274326205253601074e+00,1.179217100143432617e+00,1.293569684028625488e+00,1.565625905990600586e+00
6.875000000000000000e+01,1.648855686187744141e+00,1.288477540016174316e+00,1.140457510948181152e+00,1.349620461463928223e+00,1.531676292419433594e+00
6.900000000000000000e+01,1.648140788078308105e+00,1.347958445549011230e+00,1.263027548789978027e+00,1.190560817718505859e+00,1.474820256233215332e+00
6.925000000000000000e+01,1.590903997421264648e+00,1.285408973693847656e+00,1.312849164009094238e+00,1.285354018211364746e+00,1.452011704444885254e+00
6.950000000000000000e+01,1.569739103317260742e+00,1.283671379089355469e+00,1.174440622329711914e+00,1.333224773406982422e+00,1.525465607643127441e+00
6.975000000000000000e+01,1.718368411064147949e+00,1.281590104103088379e+00,1.112077355384826660e+00,1.334128379821777344e+00,1.445649504661560059e+00
7.000000000000000000e+01,1.589589595794677734e+00,1.393337965011596680e+00,1.270022869110107422e+00,1.179588556289672852e+00,1.421073794364929199e+00
7.025000000000000000e+01,1.739983439445495605e+00,1.285545945167541504e+00,1.294726490974426270e+00,1.386398911476135254e+00,1.496234774589538574e+00
7.050000000000000000e+01,1.702414035797119141e+00,1.272626161575317383e+00,1.161213874816894531e+00,1.403499364852905273e+00,1.617996692657470703e+00
7.075000000000000000e+01,1.649844765663146973e+00,1.265243411064147949e+00,1.133740901947021484e+00,1.436296820640563965e+00,1.511473298072814941e+00
7.100000000000000000e+01,1.717814683914184570e+00,1.338467359542846680e+00,1.267208695411682129e+00,1.343959927558898926e+00,1.478132963180541992e+00
7.125000000000000000e+01,1.646342992782592773e+00,1.276110172271728516e+00,1.311102271080017090e+00,1.186646342277526855e+00,1.480081796646118164e+00
7.150000000000000000e+01,1.815219283103942871e+00,1.260563015937805176e+00,1.148262500762939453e+00,1.361866593360900879e+00,1.471368074417114258e+00
7.175000000000000000e+01,1.674700617790222168e+00,1.281804203987121582e+00,1.122579455375671387e+00,1.372080206871032715e+00,1.481541514396667480e+00
7.200000000000000000e+01,1.843406200408935547e+00,1.376947999000549316e+00,1.297667980194091797e+00,1.409249067306518555e+00,1.511726617813110352e+00
7.225000000000000000e+01,1.579837799072265625e+00,1.271540641784667969e+00,1.277594208717346191e+00,1.220862150192260742e+00,1.513328671455383301e+00
7.250000000000000000e+01,1.610090017318725586e+00,1.263555526733398438e+00,1.137425303459167480e+00,1.371877908706665039e+00,1.564462900161743164e+00
7.275000000000000000e+01,1.641086101531982422e+00,1.276712775230407715e+00,1.094359755516052246e+00,1.389270901679992676e+00,1.522885560989379883e+00
7.300000000000000000e+01,1.652149081230163574e+00,1.376402497291564941e+00,1.243767142295837402e+00,1.439597249031066895e+00,1.535281300544738770e+00
7.325000000000000000e+01,1.660633444786071777e+00,1.299263715744018555e+00,1.277061104774475098e+00,1.238053679466247559e+00,1.494513630867004395e+00
7.350000000000000000e+01,1.583305239677429199e+00,1.274694085121154785e+00,1.141902446746826172e+00,1.323501229286193848e+00,1.498983025550842285e+00
7.375000000000000000e+01,1.647082090377807617e+00,1.267637252807617188e+00,1.111627101898193359e+00,1.394360780715942383e+00,1.564701914787292480e+00
7.400000000000000000e+01,1.849249839782714844e+00,1.356067538261413574e+00,1.218096137046813965e+00,1.389720320701599121e+00,1.565263986587524414e+00
7.425000000000000000e+01,1.701085567474365234e+00,1.284313917160034180e+00,1.317716598510742188e+00,1.240022897720336914e+00,1.555713653564453125e+00
7.450000000000000000e+01,1.763822436332702637e+00,1.272463321685791016e+00,1.151887297630310059e+00,1.298189282417297363e+00,1.602070927619934082e+00
7.475000000000000000e+01,1.721394896507263184e+00,1.251662850379943848e+00,1.119540452957153320e+00,1.295451760292053223e+00,1.499572157859802246e+00
7.500000000000000000e+01,1.646846294403076172e+00,1.296243786811828613e+00,1.245388388633728027e+00,1.321012854576110840e+00,1.488799452781677246e+00
7.525000000000000000e+01,1.594648838043212891e+00,1.229999661445617676e+00,1.284073114395141602e+00,1.196413516998291016e+00,1.429585099220275879e+00
7.550000000000000000e+01,1.622488975524902344e+00,1.230903983116149902e+00,1.156511306762695312e+00,1.276392698287963867e+00,1.522295475006103516e+00
7.575000000000000000e+01,1.670657992362976074e+00,1.235585212707519531e+00,1.124108791351318359e+00,1.382325053215026855e+00,1.480985403060913086e+00
7.600000000000000000e+01,1.637248039245605469e+00,1.297319054603576660e+00,1.259245514869689941e+00,1.369435191154479980e+00,1.476611971855163574e+00
7.625000000000000000e+01,1.671525955200195312e+00,1.237709522247314453e+00,1.351074457168579102e+00,1.201633453369140625e+00,1.496150016784667969e+00
7.650000000000000000e+01,1.790023803710937500e+00,1.227916002273559570e+00,1.173944354057312012e+00,1.353242039680480957e+00,1.490537643432617188e+00
7.675000000000000000e+01,1.711194157600402832e+00,1.287137866020202637e+00,1.150930643081665039e+00,1.364121079444885254e+00,1.570136070251464844e+00
7.700000000000000000e+01,1.668467044830322266e+00,1.223624467849731445e+00,1.315589070320129395e+00,1.412139892578125000e+00,1.561936616897583008e+00
7.725000000000000000e+01,1.552704334259033203e+00,1.218921899795532227e+00,1.350296139717102051e+00,1.201553106307983398e+00,1.546514511108398438e+00
7.750000000000000000e+01,1.528737425804138184e+00,1.208125233650207520e+00,1.175326585769653320e+00,1.328639984130859375e+00,1.505604863166809082e+00
7.775000000000000000e+01,1.626287460327148438e+00,1.306283831596374512e+00,1.130967020988464355e+00,1.419599533081054688e+00,1.595658421516418457e+00
7.800000000000000000e+01,1.587410449981689453e+00,1.229399204254150391e+00,1.215778350830078125e+00,1.539462089538574219e+00,1.538283824920654297e+00
7.825000000000000000e+01,1.694870948791503906e+00,1.222813487052917480e+00,1.270340800285339355e+00,1.234913229942321777e+00,1.480183005332946777e+00
7.850000000000000000e+01,1.697813630104064941e+00,1.225102305412292480e+00,1.142731547355651855e+00,1.375858783721923828e+00,1.594097018241882324e+00
7.875000000000000000e+01,1.767835497856140137e+00,1.283923625946044922e+00,1.124477744102478027e+00,1.397870421409606934e+00,1.683331608772277832e+00
7.900000000000000000e+01,1.831209421157836914e+00,1.207732796669006348e+00,1.266240000724792480e+00,1.445514321327209473e+00,1.472357869148254395e+00
7.925000000000000000e+01,1.755517721176147461e+00,1.200335025787353516e+00,1.222487568855285645e+00,1.221546530723571777e+00,1.476916313171386719e+00
7.950000000000000000e+01,1.629302024841308594e+00,1.210496664047241211e+00,1.122631072998046875e+00,1.318968772888183594e+00,1.454796314239501953e+00
7.975000000000000000e+01,1.705377936363220215e+00,1.259664058685302734e+00,1.101904511451721191e+00,1.421370625495910645e+00,1.448509931564331055e+00
8.000000000000000000e+01,1.667555093765258789e+00,1.202305912971496582e+00,1.187616467475891113e+00,1.425007581710815430e+00,1.437855720520019531e+00
8.025000000000000000e+01,1.558879971504211426e+00,1.184120535850524902e+00,1.132567763328552246e+00,1.263339161872863770e+00,1.335966348648071289e+00
8.050000000000000000e+01,1.487357378005981445e+00,1.185187935829162598e+00,1.102891683578491211e+00,1.205444216728210449e+00,1.321400046348571777e+00
8.075000000000000000e+01,1.486699819564819336e+00,1.181911349296569824e+00,1.105076909065246582e+00,1.196936368942260742e+00,1.309162020683288574e+00
8.100000000000000000e+01,1.481626391410827637e+00,1.176360726356506348e+00,1.114670515060424805e+00,1.196309804916381836e+00,1.299334526062011719e+00
8.125000000000000000e+01,1.511034011840820312e+00,1.177507758140563965e+00,1.120649456977844238e+00,1.185653567314147949e+00,1.302132725715637207e+00
8.150000000000000000e+01,1.498792052268981934e+00,1.177771925926208496e+00,1.106375813484191895e+00,1.187479734420776367e+00,1.290045261383056641e+00
8.175000000000000000e+01,1.484029293060302734e+00,1.199211120605468750e+00,1.119848370552062988e+00,1.190806388854980469e+00,1.298195242881774902e+00
8.200000000000000000e+01,1.514264941215515137e+00,1.183799982070922852e+00,1.114349603652954102e+00,1.187632441520690918e+00,1.294925570487976074e+00
8.225000000000000000e+01,1.489456176757812500e+00,1.175516247749328613e+00,1.117597222328186035e+00,1.182476162910461426e+00,1.293043732643127441e+00
8.250000000000000000e+01,1.477134227752685547e+00,1.175120353698730469e+00,1.110260605812072754e+00,1.180898189544677734e+00,1.294242143630981445e+00
8.275000000000000000e+01,1.521756887435913086e+00,1.188535332679748535e+00,1.119580030441284180e+00,1.187961935997009277e+00,1.298409461975097656e+00
8.300000000000000000e+01,1.456059217453002930e+00,1.179450392723083496e+00,1.116678118705749512e+00,1.188315391540527344e+00,1.299607157707214355e+00
8.325000000000000000e+01,1.531628370285034180e+00,1.175469994544982910e+00,1.123551487922668457e+00,1.179825305938720703e+00,1.300413489341735840e+00
8.350000000000000000e+01,1.458795547485351562e+00,1.177730917930603027e+00,1.115815639495849609e+00,1.181195378303527832e+00,1.309336304664611816e+00
8.375000000000000000e+01,1.440777301788330078e+00,1.202385067939758301e+00,1.128086924552917480e+00,1.185285687446594238e+00,1.311332464218139648e+00
8.400000000000000000e+01,1.454529285430908203e+00,1.179899454116821289e+00,1.130127191543579102e+00,1.188524961471557617e+00,1.311168193817138672e+00
8.425000000000000000e+01,1.468314290046691895e+00,1.177669167518615723e+00,1.124415636062622070e+00,1.182651877403259277e+00,1.308895230293273926e+00
8.450000000000000000e+01,1.442221283912658691e+00,1.176579475402832031e+00,1.122776508331298828e+00,1.192121148109436035e+00,1.310113430023193359e+00
8.475000000000000000e+01,1.464060306549072266e+00,1.201895117759704590e+00,1.126497507095336914e+00,1.187518954277038574e+00,1.313882470130920410e+00
8.500000000000000000e+01,1.431925415992736816e+00,1.185339331626892090e+00,1.143986344337463379e+00,1.196068406105041504e+00,1.306899189949035645e+00
8.525000000000000000e+01,1.445437550544738770e+00,1.182417273521423340e+00,1.128682494163513184e+00,1.189312577247619629e+00,1.313297510147094727e+00
8.550000000000000000e+01,1.479066133499145508e+00,1.182347416877746582e+00,1.123057961463928223e+00,1.198074460029602051e+00,1.313023805618286133e+00
8.575000000000000000e+01,1.558490991592407227e+00,1.211591958999633789e+00,1.143289208412170410e+00,1.195651292800903320e+00,1.318133354187011719e+00
8.600000000000000000e+01,1.452908635139465332e+00,1.180116295814514160e+00,1.146091461181640625e+00,1.196085095405578613e+00,1.307713866233825684e+00
8.625000000000000000e+01,1.450331807136535645e+00,1.172682285308837891e+00,1.134726881980895996e+00,1.191311359405517578e+00,1.312795877456665039e+00
8.650000000000000000e+01,1.460507869720458984e+00,1.176326513290405273e+00,1.128796339035034180e+00,1.200281977653503418e+00,1.310789942741394043e+00
8.675000000000000000e+01,1.458025455474853516e+00,1.208322286605834961e+00,1.139552712440490723e+00,1.204488873481750488e+00,1.317923903465270996e+00
8.700000000000000000e+01,1.462803125381469727e+00,1.182709336280822754e+00,1.150137543678283691e+00,1.210112810134887695e+00,1.320463895797729492e+00
8.725000000000000000e+01,1.498894095420837402e+00,1.179909229278564453e+00,1.140474677085876465e+00,1.201178669929504395e+00,1.329197645187377930e+00
8.750000000000000000e+01,1.436269521713256836e+00,1.174854397773742676e+00,1.133971333503723145e+00,1.207694768905639648e+00,1.340044498443603516e+00
8.775000000000000000e+01,1.471454143524169922e+00,1.204050779342651367e+00,1.139547944068908691e+00,1.213297724723815918e+00,1.335703372955322266e+00
8.800000000000000000e+01,1.472785949707031250e+00,1.179376602172851562e+00,1.151106476783752441e+00,1.215398788452148438e+00,1.329796791076660156e+00
8.825000000000000000e+01,1.473832964897155762e+00,1.181438684463500977e+00,1.139816880226135254e+00,1.203232049942016602e+00,1.325658202171325684e+00
8.850000000000000000e+01,1.489959478378295898e+00,1.181763529777526855e+00,1.134385943412780762e+00,1.212699174880981445e+00,1.327546834945678711e+00
8.875000000000000000e+01,1.537618160247802734e+00,1.207516431808471680e+00,1.153355956077575684e+00,1.216243505477905273e+00,1.325653433799743652e+00
8.900000000000000000e+01,1.448997616767883301e+00,1.189660787582397461e+00,1.163715958595275879e+00,1.221570849418640137e+00,1.326333165168762207e+00
8.925000000000000000e+01,1.531010031700134277e+00,1.185077190399169922e+00,1.146037936210632324e+00,1.214329957962036133e+00,1.327058196067810059e+00
8.950000000000000000e+01,1.507054448127746582e+00,1.183180689811706543e+00,1.136600732803344727e+00,1.215425014495849609e+00,1.332140922546386719e+00
8.975000000000000000e+01,1.480522513389587402e+00,1.206838846206665039e+00,1.154625058174133301e+00,1.223536133766174316e+00,1.334492921829223633e+00
9.000000000000000000e+01,1.490299105644226074e+00,1.187985658645629883e+00,1.160619974136352539e+00,1.229294180870056152e+00,1.333702087402343750e+00
9.025000000000000000e+01,1.477386474609375000e+00,1.179202198982238770e+00,1.150062799453735352e+00,1.222517728805541992e+00,1.333158254623413086e+00
9.050000000000000000e+01,1.498162269592285156e+00,1.187794923782348633e+00,1.143985986709594727e+00,1.215878963470458984e+00,1.337476611137390137e+00
9.075000000000000000e+01,1.557950258255004883e+00,1.211005091667175293e+00,1.160063028335571289e+00,1.218628525733947754e+00,1.337984681129455566e+00
9.100000000000000000e+01,1.489963889122009277e+00,1.191039443016052246e+00,1.156770944595336914e+00,1.214530706405639648e+00,1.333580374717712402e+00
9.125000000000000000e+01,1.456599831581115723e+00,1.185472726821899414e+00,1.147304773330688477e+00,1.224183082580566406e+00,1.332200050354003906e+00
9.150000000000000000e+01,1.476575613021850586e+00,1.184887647628784180e+00,1.144609689712524414e+00,1.218768358230590820e+00,1.341455817222595215e+00
9.175000000000000000e+01,1.549309849739074707e+00,1.201433062553405762e+00,1.159765481948852539e+00,1.226248860359191895e+00,1.341856837272644043e+00
9.200000000000000000e+01,1.563998818397521973e+00,1.190297722816467285e+00,1.164788007736206055e+00,1.249001145362854004e+00,1.343038320541381836e+00
9.225000000000000000e+01,1.472979545593261719e+00,1.183920621871948242e+00,1.152197837829589844e+00,1.247192025184631348e+00,1.347163796424865723e+00
9.250000000000000000e+01,1.481992602348327637e+00,1.184308171272277832e+00,1.148025155067443848e+00,1.227512240409851074e+00,1.344862341880798340e+00
9.275000000000000000e+01,1.560883760452270508e+00,1.217492938041687012e+00,1.163940310478210449e+00,1.226395726203918457e+00,1.341245293617248535e+00
9.300000000000000000e+01,1.519352197647094727e+00,1.197356820106506348e+00,1.171139001846313477e+00,1.227148652076721191e+00,1.336377739906311035e+00
9.325000000000000000e+01,1.497418284416198730e+00,1.190839886665344238e+00,1.157805323600769043e+00,1.231746077537536621e+00,1.337455511093139648e+00
9.350000000000000000e+01,1.540341019630432129e+00,1.188016653060913086e+00,1.152580976486206055e+00,1.226220250129699707e+00,1.344942092895507812e+00
9.375000000000000000e+01,1.533899903297424316e+00,1.225556850433349609e+00,1.171154260635375977e+00,1.233761906623840332e+00,1.342698693275451660e+00
9.400000000000000000e+01,1.515806198120117188e+00,1.188643336296081543e+00,1.172923684120178223e+00,1.243720173835754395e+00,1.338510274887084961e+00
9.425000000000000000e+01,1.526871681213378906e+00,1.180832147598266602e+00,1.159028530120849609e+00,1.250665068626403809e+00,1.344277977943420410e+00
9.450000000000000000e+01,1.528150439262390137e+00,1.179810047149658203e+00,1.156356692314147949e+00,1.237731695175170898e+00,1.344585299491882324e+00
9.475000000000000000e+01,1.595466852188110352e+00,1.202396869659423828e+00,1.167781949043273926e+00,1.253958940505981445e+00,1.347567439079284668e+00
9.500000000000000000e+01,1.534578323364257812e+00,1.189912319183349609e+00,1.179045081138610840e+00,1.259383559226989746e+00,1.352845907211303711e+00
9.525000000000000000e+01,1.629448294639587402e+00,1.184806227684020996e+00,1.167151808738708496e+00,1.247675776481628418e+00,1.367658138275146484e+00
9.550000000000000000e+01,1.526185154914855957e+00,1.183416604995727539e+00,1.159825205802917480e+00,1.244395375251770020e+00,1.360060572624206543e+00
9.575000000000000000e+01,1.571008563041687012e+00,1.235549569129943848e+00,1.189423322677612305e+00,1.267166376113891602e+00,1.359751224517822266e+00
9.600000000000000000e+01,1.549849510192871094e+00,1.199056506156921387e+00,1.185110807418823242e+00,1.255775213241577148e+00,1.347130179405212402e+00
9.625000000000000000e+01,1.538088560104370117e+00,1.183040142059326172e+00,1.168672084808349609e+00,1.264413475990295410e+00,1.352101445198059082e+00
9.650000000000000000e+01,1.503297805786132812e+00,1.179017782211303711e+00,1.162293791770935059e+00,1.253183364868164062e+00,1.348684430122375488e+00
9.675000000000000000e+01,1.490950703620910645e+00,1.194336891174316406e+00,1.194594979286193848e+00,1.249401330947875977e+00,1.359106659889221191e+00
9.700000000000000000e+01,1.508260250091552734e+00,1.180613279342651367e+00,1.193628430366516113e+00,1.244169712066650391e+00,1.354560732841491699e+00
9.725000000000000000e+01,1.508763313293457031e+00,1.178392291069030762e+00,1.175659418106079102e+00,1.250574350357055664e+00,1.352584600448608398e+00
9.750000000000000000e+01,1.497661590576171875e+00,1.179156541824340820e+00,1.165802717208862305e+00,1.247933268547058105e+00,1.355539798736572266e+00
9.775000000000000000e+01,1.503910899162292480e+00,1.227712154388427734e+00,1.194792985916137695e+00,1.254200696945190430e+00,1.369998455047607422e+00
9.800000000000000000e+01,1.509071826934814453e+00,1.198613643646240234e+00,1.197121262550354004e+00,1.249555230140686035e+00,1.370679140090942383e+00
9.825000000000000000e+01,1.508873939514160156e+00,1.187458872795104980e+00,1.183960914611816406e+00,1.251868009567260742e+00,1.358945369720458984e+00
9.850000000000000000e+01,1.553380727767944336e+00,1.181583404541015625e+00,1.172386050224304199e+00,1.246952652931213379e+00,1.356059193611145020e+00
9.875000000000000000e+01,1.517088532447814941e+00,1.214489698410034180e+00,1.195622086524963379e+00,1.255795359611511230e+00,1.360762596130371094e+00
9.900000000000000000e+01,1.495091676712036133e+00,1.192974805831909180e+00,1.186774015426635742e+00,1.270347833633422852e+00,1.354797124862670898e+00
9.925000000000000000e+01,1.510650634765625000e+00,1.188247323036193848e+00,1.181158900260925293e+00,1.263659715652465820e+00,1.357871532440185547e+00
9.950000000000000000e+01,1.535154104232788086e+00,1.187092423439025879e+00,1.179447293281555176e+00,1.266589641571044922e+00,1.359895110130310059e+00
9.975000000000000000e+01,1.536813616752624512e+00,1.199246883392333984e+00,1.200221896171569824e+00,1.260497093200683594e+00,1.373133540153503418e+00
1.000000000000000000e+02,1.532734036445617676e+00,1.184800386428833008e+00,1.206888914108276367e+00,1.254484534263610840e+00,1.367010951042175293e+00
1.002500000000000000e+02,1.552356481552124023e+00,1.179349422454833984e+00,1.191326260566711426e+00,1.257398128509521484e+00,1.360448718070983887e+00
1.005000000000000000e+02,1.549518704414367676e+00,1.187070846557617188e+00,1.182291030883789062e+00,1.261697053909301758e+00,1.389847397804260254e+00
1.007500000000000000e+02,1.552752614021301270e+00,1.221109151840209961e+00,1.191132187843322754e+00,1.278954386711120605e+00,1.374924421310424805e+00
1.010000000000000000e+02,1.518571257591247559e+00,1.190838098526000977e+00,1.194327592849731445e+00,1.260386466979980469e+00,1.375748872756958008e+00
1.012500000000000000e+02,1.551759839057922363e+00,1.184054017066955566e+00,1.182783842086791992e+00,1.263938307762145996e+00,1.372070193290710449e+00
1.015000000000000000e+02,1.546076416969299316e+00,1.182233572006225586e+00,1.183270573616027832e+00,1.263180613517761230e+00,1.366143465042114258e+00
1.017500000000000000e+02,1.520475625991821289e+00,1.241959333419799805e+00,1.205216765403747559e+00,1.267950057983398438e+00,1.365988850593566895e+00
1.020000000000000000e+02,1.577270746231079102e+00,1.210249066352844238e+00,1.210187196731567383e+00,1.264021396636962891e+00,1.369009613990783691e+00
1.022500000000000000e+02,1.599722027778625488e+00,1.194066405296325684e+00,1.193211078643798828e+00,1.262338519096374512e+00,1.356992125511169434e+00
1.025000000000000000e+02,1.536781430244445801e+00,1.181898593902587891e+00,1.187423944473266602e+00,1.268438935279846191e+00,1.359181284904479980e+00
1.027500000000000000e+02,1.566767454147338867e+00,1.218153715133666992e+00,1.203875541687011719e+00,1.272396922111511230e+00,1.366367459297180176e+00
1.030000000000000000e+02,1.527545094490051270e+00,1.193684339523315430e+00,1.205312848091125488e+00,1.263963341712951660e+00,1.364121198654174805e+00
1.032500000000000000e+02,1.547157883644104004e+00,1.183502197265625000e+00,1.194367408752441406e+00,1.266844391822814941e+00,1.363976120948791504e+00
1.035000000000000000e+02,1.546503663063049316e+00,1.187781095504760742e+00,1.190872430801391602e+00,1.278700351715087891e+00,1.359911799430847168e+00
1.037500000000000000e+02,1.567515492439270020e+00,1.206449985504150391e+00,1.212040543556213379e+00,1.278689503669738770e+00,1.366903066635131836e+00
1.040000000000000000e+02,1.546338677406311035e+00,1.194017291069030762e+00,1.210694313049316406e+00,1.268008232116699219e+00,1.372244596481323242e+00
1.042500000000000000e+02,1.589373826980590820e+00,1.187379837036132812e+00,1.195350646972656250e+00,1.284991860389709473e+00,1.378845930099487305e+00
1.045000000000000000e+02,1.623863101005554199e+00,1.193622112274169922e+00,1.188189387321472168e+00,1.280237078666687012e+00,1.370775938034057617e+00
1.047500000000000000e+02,1.631560444831848145e+00,1.240843653678894043e+00,1.202586889266967773e+00,1.279804825782775879e+00,1.371039032936096191e+00
1.050000000000000000e+02,1.570595383644104004e+00,1.208969116210937500e+00,1.201318264007568359e+00,1.272155880928039551e+00,1.371639013290405273e+00
1.052500000000000000e+02,1.564235568046569824e+00,1.191065192222595215e+00,1.193313717842102051e+00,1.284291267395019531e+00,1.373027086257934570e+00
1.055000000000000000e+02,1.581120729446411133e+00,1.193399786949157715e+00,1.191381692886352539e+00,1.288106203079223633e+00,1.370976448059082031e+00
1.057500000000000000e+02,1.601083159446716309e+00,1.202360987663269043e+00,1.203625559806823730e+00,1.292613029479980469e+00,1.369255185127258301e+00
1.060000000000000000e+02,1.600895524024963379e+00,1.183260321617126465e+00,1.226179242134094238e+00,1.276062846183776855e+00,1.374010205268859863e+00
1.062500000000000000e+02,1.605108618736267090e+00,1.181380152702331543e+00,1.207454085350036621e+00,1.287174820899963379e+00,1.367289543151855469e+00
1.065000000000000000e+02,1.606626033782958984e+00,1.184309720993041992e+00,1.201989769935607910e+00,1.287746071815490723e+00,1.366316199302673340e+00
1.067500000000000000e+02,1.584630131721496582e+00,1.195224761962890625e+00,1.206782698631286621e+00,1.288897037506103516e+00,1.372036576271057129e+00
1.070000000000000000e+02,1.593187451362609863e+00,1.182149171829223633e+00,1.226057171821594238e+00,1.277109026908874512e+00,1.371844291687011719e+00
1.072500000000000000e+02,1.604531526565551758e+00,1.188604235649108887e+00,1.208801507949829102e+00,1.286746501922607422e+00,1.379619002342224121e+00
1.075000000000000000e+02,1.546707868576049805e+00,1.188104629516601562e+00,1.203816890716552734e+00,1.289372801780700684e+00,1.375821590423583984e+00
1.077500000000000000e+02,1.580309748649597168e+00,1.211628079414367676e+00,1.225175142288208008e+00,1.292026281356811523e+00,1.374834179878234863e+00
1.080000000000000000e+02,1.563393592834472656e+00,1.190761446952819824e+00,1.228388309478759766e+00,1.279458522796630859e+00,1.372882723808288574e+00
1.082500000000000000e+02,1.541701316833496094e+00,1.191479325294494629e+00,1.212252497673034668e+00,1.283303618431091309e+00,1.373408555984497070e+00
1.085000000000000000e+02,1.537797808647155762e+00,1.192090511322021484e+00,1.207431316375732422e+00,1.296389579772949219e+00,1.372597217559814453e+00
1.087500000000000000e+02,1.540977001190185547e+00,1.235266089439392090e+00,1.223546624183654785e+00,1.286850929260253906e+00,1.376923203468322754e+00
1.090000000000000000e+02,1.546482920646667480e+00,1.211757302284240723e+00,1.227504849433898926e+00,1.280122756958007812e+00,1.377735137939453125e+00
1.092500000000000000e+02,1.547630071640014648e+00,1.199526190757751465e+00,1.213115811347961426e+00,1.297084331512451172e+00,1.388205409049987793e+00
1.095000000000000000e+02,1.558646917343139648e+00,1.193966627120971680e+00,1.211676120758056641e+00,1.296406030654907227e+00,1.380291581153869629e+00
1.097500000000000000e+02,1.576851129531860352e+00,1.246423482894897461e+00,1.215832471847534180e+00,1.308607578277587891e+00,1.380886912345886230e+00
1.100000000000000000e+02,1.589383959770202637e+00,1.208887934684753418e+00,1.225000739097595215e+00,1.291491270065307617e+00,1.384069919586181641e+00
1.102500000000000000e+02,1.555321097373962402e+00,1.201230883598327637e+00,1.212548017501831055e+00,1.292912364006042480e+00,1.386393666267395020e+00
1.105000000000000000e+02,1.589276313781738281e+00,1.199722766876220703e+00,1.208795428276062012e+00,1.302740454673767090e+00,1.383273959159851074e+00
1.107500000000000000e+02,1.564605951309204102e+00,1.239838957786560059e+00,1.222071051597595215e+00,1.301236987113952637e+00,1.393378734588623047e+00
1.110000000000000000e+02,1.566910505294799805e+00,1.197947978973388672e+00,1.234502077102661133e+00,1.291160345077514648e+00,1.383683204650878906e+00
1.112500000000000000e+02,1.590201854705810547e+00,1.189932823181152344e+00,1.217573285102844238e+00,1.297175884246826172e+00,1.385704874992370605e+00
1.115000000000000000e+02,1.563215374946594238e+00,1.192308068275451660e+00,1.214154243469238281e+00,1.297390222549438477e+00,1.382676601409912109e+00
1.117500000000000000e+02,1.563736796379089355e+00,1.208797574043273926e+00,1.230607867240905762e+00,1.298380136489868164e+00,1.387765288352966309e+00
1.120000000000000000e+02,1.578953981399536133e+00,1.186492562294006348e+00,1.234073877334594727e+00,1.292293190956115723e+00,1.387563824653625488e+00
1.122500000000000000e+02,1.612405419349670410e+00,1.184518218040466309e+00,1.220843315124511719e+00,1.316945195198059082e+00,1.395168066024780273e+00
1.125000000000000000e+02,1.587423801422119141e+00,1.187772154808044434e+00,1.213985204696655273e+00,1.304400920867919922e+00,1.383607149124145508e+00
1.127500000000000000e+02,1.583813548088073730e+00,1.217746973037719727e+00,1.238352894783020020e+00,1.306150555610656738e+00,1.395089507102966309e+00
1.130000000000000000e+02,1.587495803833007812e+00,1.195496916770935059e+00,1.239965796470642090e+00,1.295527458190917969e+00,1.395934104919433594e+00
1.132500000000000000e+02,1.553362250328063965e+00,1.186795592308044434e+00,1.223650574684143066e+00,1.305962800979614258e+00,1.399209618568420410e+00
1.135000000000000000e+02,1.553306579589843750e+00,1.190896630287170410e+00,1.218315482139587402e+00,1.311617136001586914e+00,1.396825194358825684e+00
1.137500000000000000e+02,1.587180256843566895e+00,1.220813274383544922e+00,1.235296368598937988e+00,1.323834657669067383e+00,1.398696541786193848e+00
1.140000000000000000e+02,1.585741996765136719e+00,1.195064306259155273e+00,1.246602177619934082e+00,1.307158350944519043e+00,1.393838524818420410e+00
1.142500000000000000e+02,1.566199779510498047e+00,1.198737025260925293e+00,1.226812362670898438e+00,1.306428313255310059e+00,1.388082027435302734e+00
1.145000000000000000e+02,1.604627013206481934e+00,1.201520323753356934e+00,1.225526213645935059e+00,1.313546299934387207e+00,1.391019463539123535e+00
1.147500000000000000e+02,1.579828143119812012e+00,1.227459549903869629e+00,1.247738480567932129e+00,1.310293316841125488e+00,1.391917228698730469e+00
1.150000000000000000e+02,1.569612741470336914e+00,1.197059392929077148e+00,1.275598049163818359e+00,1.302010536193847656e+00,1.409130215644836426e+00
1.152500000000000000e+02,1.576785445213317871e+00,1.191305279731750488e+00,1.242913365364074707e+00,1.309566259384155273e+00,1.404764533042907715e+00
1.155000000000000000e+02,1.574967145919799805e+00,1.192435741424560547e+00,1.235976934432983398e+00,1.307450413703918457e+00,1.403151273727416992e+00
1.157500000000000000e+02,1.563806533813476562e+00,1.219494223594665527e+00,1.243341684341430664e+00,1.301895022392272949e+00,1.409301757812500000e+00
1.160000000000000000e+02,1.561939477920532227e+00,1.190906405448913574e+00,1.265182137489318848e+00,1.301100611686706543e+00,1.403488636016845703e+00
1.162500000000000000e+02,1.589439511299133301e+00,1.189124822616577148e+00,1.245107889175415039e+00,1.315355539321899414e+00,1.412124752998352051e+00
1.165000000000000000e+02,1.561063766479492188e+00,1.187269568443298340e+00,1.239751577377319336e+00,1.309777975082397461e+00,1.406948208808898926e+00
1.167500000000000000e+02,1.549398303031921387e+00,1.236169338226318359e+00,1.258375883102416992e+00,1.322062849998474121e+00,1.408900260925292969e+00
1.170000000000000000e+02,1.552402496337890625e+00,1.196085095405578613e+00,1.264131069183349609e+00,1.308487057685852051e+00,1.402227282524108887e+00
1.172500000000000000e+02,1.582263827323913574e+00,1.194779634475708008e+00,1.243914365768432617e+00,1.310147881507873535e+00,1.400941610336303711e+00
1.175000000000000000e+02,1.596937656402587891e+00,1.200252771377563477e+00,1.237224698066711426e+00,1.312850594520568848e+00,1.406319975852966309e+00
1.177500000000000000e+02,1.577554106712341309e+00,1.235264301300048828e+00,1.248249053955078125e+00,1.310228109359741211e+00,1.403446435928344727e+00
1.180000000000000000e+02,1.578510403633117676e+00,1.202668905258178711e+00,1.258306860923767090e+00,1.306206464767456055e+00,1.409689426422119141e+00
1.182500000000000000e+02,1.590385913848876953e+00,1.194561839103698730e+00,1.242836952209472656e+00,1.312328219413757324e+00,1.409945607185363770e+00
1.185000000000000000e+02,1.608808636665344238e+00,1.195319533348083496e+00,1.237901091575622559e+00,1.312277197837829590e+00,1.406934380531311035e+00
1.187500000000000000e+02,1.593478322029113770e+00,1.201695203781127930e+00,1.266234636306762695e+00,1.312177777290344238e+00,1.401954531669616699e+00
1.190000000000000000e+02,1.574898719787597656e+00,1.188650012016296387e+00,1.269645333290100098e+00,1.309379458427429199e+00,1.406923532485961914e+00
1.192500000000000000e+02,1.635133147239685059e+00,1.190736889839172363e+00,1.249179005622863770e+00,1.318302154541015625e+00,1.413819074630737305e+00
1.195000000000000000e+02,1.609985589981079102e+00,1.186201572418212891e+00,1.240679025650024414e+00,1.328140377998352051e+00,1.422141432762145996e+00
1.197500000000000000e+02,1.607465028762817383e+00,1.204346776008605957e+00,1.254069209098815918e+00,1.330007076263427734e+00,1.417099356651306152e+00
1.200000000000000000e+02,1.611074924468994141e+00,1.184772014617919922e+00,1.260029554367065430e+00,1.317704319953918457e+00,1.411473393440246582e+00
1.202500000000000000e+02,1.585103988647460938e+00,1.181712985038757324e+00,1.246218800544738770e+00,1.316728234291076660e+00,1.412237763404846191e+00
1.205000000000000000e+02,1.598813652992248535e+00,1.183937668800354004e+00,1.242718338966369629e+00,1.317800879478454590e+00,1.411232471466064453e+00
1.207500000000000000e+02,1.555502057075500488e+00,1.191080927848815918e+00,1.245511174201965332e+00,1.316866040229797363e+00,1.412124037742614746e+00
1.210000000000000000e+02,1.574330329895019531e+00,1.186705946922302246e+00,1.246271729469299316e+00,1.315664410591125488e+00,1.409908652305603027e+00
1.212500000000000000e+02,1.569977760314941406e+00,1.181676745414733887e+00,1.243899941444396973e+00,1.314672231674194336e+00,1.408862352371215820e+00
1.215000000000000000e+02,1.543139696121215820e+00,1.184637188911437988e+00,1.243098974227905273e+00,1.316427230834960938e+00,1.409779429435729980e+00
1.217500000000000000e+02,1.549076080322265625e+00,1.187237739562988281e+00,1.248608231544494629e+00,1.316816091537475586e+00,1.416306018829345703e+00
1.220000000000000000e+02,1.552512288093566895e+00,1.185570120811462402e+00,1.248037934303283691e+00,1.315120339393615723e+00,1.409463167190551758e+00
1.222500000000000000e+02,1.547360181808471680e+00,1.181666254997253418e+00,1.244684576988220215e+00,1.318474173545837402e+00,1.407171487808227539e+00
1.225000000000000000e+02,1.553589701652526855e+00,1.186629533767700195e+00,1.243491649627685547e+00,1.319228887557983398e+00,1.410604119300842285e+00
1.227500000000000000e+02,1.554225564002990723e+00,1.186654567718505859e+00,1.251523375511169434e+00,1.314586400985717773e+00,1.411677598953247070e+00
1.230000000000000000e+02,1.561820626258850098e+00,1.186846852302551270e+00,1.253738284111022949e+00,1.316147208213806152e+00,1.410914778709411621e+00
1.232500000000000000e+02,1.562120556831359863e+00,1.184398412704467773e+00,1.248721957206726074e+00,1.315287351608276367e+00,1.409078717231750488e+00
1.235000000000000000e+02,1.572636604309082031e+00,1.194155693054199219e+00,1.245978474617004395e+00,1.317950725555419922e+00,1.409637451171875000e+00
1.237500000000000000e+02,1.573014020919799805e+00,1.190505623817443848e+00,1.249984741210937500e+00,1.318914055824279785e+00,1.409890890121459961e+00
1.240000000000000000e+02,1.585418939590454102e+00,1.187501549720764160e+00,1.255781173706054688e+00,1.316636323928833008e+00,1.409211277961730957e+00
1.242500000000000000e+02,1.561137199401855469e+00,1.186693310737609863e+00,1.250122189521789551e+00,1.318596601486206055e+00,1.409153223037719727e+00
1.245000000000000000e+02,1.562662482261657715e+00,1.186997413635253906e+00,1.247389793395996094e+00,1.319099068641662598e+00,1.409447789192199707e+00
1.247500000000000000e+02,1.585995554924011230e+00,1.187563419342041016e+00,1.255979895591735840e+00,1.316724181175231934e+00,1.408968925476074219e+00
1.250000000000000000e+02,1.577177405357360840e+00,1.186221241950988770e+00,1.252944946289062500e+00,1.317200422286987305e+00,1.408152699470520020e+00
1.252500000000000000e+02,1.569893479347229004e+00,1.186937928199768066e+00,1.249784350395202637e+00,1.318858742713928223e+00,1.406564474105834961e+00
1.255000000000000000e+02,1.542370080947875977e+00,1.195953369140625000e+00,1.248992681503295898e+00,1.318108916282653809e+00,1.408843278884887695e+00
1.257500000000000000e+02,1.556164503097534180e+00,1.191417455673217773e+00,1.253654122352600098e+00,1.317644238471984863e+00,1.408703923225402832e+00
1.260000000000000000e+02,1.592240571975708008e+00,1.188877582550048828e+00,1.256278276443481445e+00,1.317022323608398438e+00,1.407669305801391602e+00
1.262500000000000000e+02,1.596467971801757812e+00,1.187510490417480469e+00,1.252314805984497070e+00,1.321214556694030762e+00,1.407153248786926270e+00
1.265000000000000000e+02,1.570833563804626465e+00,1.189649462699890137e+00,1.250781059265136719e+00,1.321465373039245605e+00,1.407291173934936523e+00
1.267500000000000000e+02,1.568689346313476562e+00,1.189246058464050293e+00,1.253782391548156738e+00,1.319745421409606934e+00,1.408778071403503418e+00
1.270000000000000000e+02,1.558551430702209473e+00,1.187750935554504395e+00,1.255254745483398438e+00,1.319825887680053711e+00,1.408012151718139648e+00
1.272500000000000000e+02,1.560451388359069824e+00,1.187651038169860840e+00,1.253756403923034668e+00,1.319289445877075195e+00,1.408126115798950195e+00
1.275000000000000000e+02,1.546785831451416016e+00,1.191176295280456543e+00,1.251718401908874512e+00,1.321369767189025879e+00,1.408316493034362793e+00
1.277500000000000000e+02,1.540550231933593750e+00,1.189178943634033203e+00,1.254337668418884277e+00,1.320393204689025879e+00,1.409391999244689941e+00
1.280000000000000000e+02,1.559696078300476074e+00,1.187218308448791504e+00,1.252167701721191406e+00,1.319844484329223633e+00,1.409546256065368652e+00
1.282500000000000000e+02,1.565695166587829590e+00,1.187387347221374512e+00,1.250994086265563965e+00,1.320190310478210449e+00,1.411659836769104004e+00
1.285000000000000000e+02,1.576436400413513184e+00,1.190973997116088867e+00,1.251438975334167480e+00,1.321727871894836426e+00,1.411195635795593262e+00
1.287500000000000000e+02,1.563571095466613770e+00,1.189474582672119141e+00,1.255546808242797852e+00,1.320816755294799805e+00,1.411776423454284668e+00
1.290000000000000000e+02,1.551837921142578125e+00,1.186860918998718262e+00,1.257430672645568848e+00,1.319874048233032227e+00,1.412304043769836426e+00
1.292500000000000000e+02,1.542307376861572266e+00,1.187164187431335449e+00,1.254415273666381836e+00,1.320104956626892090e+00,1.410434722900390625e+00
1.295000000000000000e+02,1.554692625999450684e+00,1.189727544784545898e+00,1.253808259963989258e+00,1.322421312332153320e+00,1.412097454071044922e+00
1.297500000000000000e+02,1.555598258972167969e+00,1.188672542572021484e+00,1.255136609077453613e+00,1.322816252708435059e+00,1.410550475120544434e+00
1.300000000000000000e+02,1.555509209632873535e+00,1.188401103019714355e+00,1.258479356765747070e+00,1.320904970169067383e+00,1.411557197570800781e+00
1.302500000000000000e+02,1.552416443824768066e+00,1.187281250953674316e+00,1.255127072334289551e+00,1.322558164596557617e+00,1.411302208900451660e+00
1.305000000000000000e+02,1.545205593109130859e+00,1.196342468261718750e+00,1.253264546394348145e+00,1.322551727294921875e+00,1.413551807403564453e+00
1.307500000000000000e+02,1.544240713119506836e+00,1.192216157913208008e+00,1.258640766143798828e+00,1.322919607162475586e+00,1.412093162536621094e+00
1.310000000000000000e+02,1.561900258064270020e+00,1.189365148544311523e+00,1.261815547943115234e+00,1.321860074996948242e+00,1.411254882812500000e+00
1.312500000000000000e+02,1.556327819824218750e+00,1.190037727355957031e+00,1.256951928138732910e+00,1.321738481521606445e+00,1.413167119026184082e+00
1.315000000000000000e+02,1.554629802703857422e+00,1.192404389381408691e+00,1.255800604820251465e+00,1.322991132736206055e+00,1.411541461944580078e+00
1.317500000000000000e+02,1.555821418762207031e+00,1.190415263175964355e+00,1.258772015571594238e+00,1.325350046157836914e+00,1.410557866096496582e+00
1.320000000000000000e+02,1.562814354896545410e+00,1.189094185829162598e+00,1.260123968124389648e+00,1.322868108749389648e+00,1.412280917167663574e+00
1.322500000000000000e+02,1.561174750328063965e+00,1.191184639930725098e+00,1.257888197898864746e+00,1.322980880737304688e+00,1.414667367935180664e+00
1.325000000000000000e+02,1.554849147796630859e+00,1.195398211479187012e+00,1.256369590759277344e+00,1.323994040489196777e+00,1.412072062492370605e+00
1.327500000000000000e+02,1.563182950019836426e+00,1.190964818000793457e+00,1.259710431098937988e+00,1.324393033981323242e+00,1.412687659263610840e+00
1.330000000000000000e+02,1.574261665344238281e+00,1.189163684844970703e+00,1.261710882186889648e+00,1.322872042655944824e+00,1.411384344100952148e+00
1.332500000000000000e+02,1.570215225219726562e+00,1.189038276672363281e+00,1.258340954780578613e+00,1.323588728904724121e+00,1.412080645561218262e+00
1.335000000000000000e+02,1.569536685943603516e+00,1.190200924873352051e+00,1.257178544998168945e+00,1.323553085327148438e+00,1.412471175193786621e+00
1.337500000000000000e+02,1.563908219337463379e+00,1.193602561950683594e+00,1.260135650634765625e+00,1.322728872299194336e+00,1.412218213081359863e+00
1.340000000000000000e+02,1.579384684562683105e+00,1.191018939018249512e+00,1.257278919219970703e+00,1.322590589523315430e+00,1.410926222801208496e+00
1.342500000000000000e+02,1.567553281784057617e+00,1.191328644752502441e+00,1.257291913032531738e+00,1.324567437171936035e+00,1.410277009010314941e+00
1.345000000000000000e+02,1.568801641464233398e+00,1.192730069160461426e+00,1.257535576820373535e+00,1.324078083038330078e+00,1.411602973937988281e+00
1.347500000000000000e+02,1.575361967086791992e+00,1.190162539482116699e+00,1.261544346809387207e+00,1.324519395828247070e+00,1.415040493011474609e+00
1.350000000000000000e+02,1.564232468605041504e+00,1.188765406608581543e+00,1.264478564262390137e+00,1.324478745460510254e+00,1.416028976440429688e+00
1.352500000000000000e+02,1.567280769348144531e+00,1.189311623573303223e+00,1.261053085327148438e+00,1.324498653411865234e+00,1.414324998855590820e+00
1.355000000000000000e+02,1.581757187843322754e+00,1.192051053047180176e+00,1.258930325508117676e+00,1.324127316474914551e+00,1.414791226387023926e+00
1.357500000000000000e+02,1.581091046333312988e+00,1.188497662544250488e+00,1.260076642036437988e+00,1.327922463417053223e+00,1.413962364196777344e+00
1.360000000000000000e+02,1.581582784652709961e+00,1.188313961029052734e+00,1.262300252914428711e+00,1.325575351715087891e+00,1.415699839591979980e+00
1.362500000000000000e+02,1.577715635299682617e+00,1.187469244003295898e+00,1.260308265686035156e+00,1.325061917304992676e+00,1.416059613227844238e+00
1.365000000000000000e+02,1.577241420745849609e+00,1.189847826957702637e+00,1.259321928024291992e+00,1.325672030448913574e+00,1.417602539062500000e+00
1.367500000000000000e+02,1.594901323318481445e+00,1.188474774360656738e+00,1.259803652763366699e+00,1.325212359428405762e+00,1.416387200355529785e+00
1.370000000000000000e+02,1.594265341758728027e+00,1.188941836357116699e+00,1.264338135719299316e+00,1.324744582176208496e+00,1.415500044822692871e+00
1.372500000000000000e+02,1.590272665023803711e+00,1.188726902008056641e+00,1.262185096740722656e+00,1.325435996055603027e+00,1.414281010627746582e+00
1.375000000000000000e+02,1.582309126853942871e+00,1.197287082672119141e+00,1.260156393051147461e+00,1.325616836547851562e+00,1.415860772132873535e+00
1.377500000000000000e+02,1.578781485557556152e+00,1.191828250885009766e+00,1.262311339378356934e+00,1.325615763664245605e+00,1.418100357055664062e+00
1.380000000000000000e+02,1.582334518432617188e+00,1.190501809120178223e+00,1.265663027763366699e+00,1.325743794441223145e+00,1.415834426879882812e+00
1.382500000000000000e+02,1.567184209823608398e+00,1.192555904388427734e+00,1.263453722000122070e+00,1.328458189964294434e+00,1.416110157966613770e+00
1.385000000000000000e+02,1.574283242225646973e+00,1.198055267333984375e+00,1.261295795440673828e+00,1.328897118568420410e+00,1.415700674057006836e+00
1.387500000000000000e+02,1.581972837448120117e+00,1.194142818450927734e+00,1.263951420783996582e+00,1.328942298889160156e+00,1.416172027587890625e+00
1.390000000000000000e+02,1.585071444511413574e+00,1.192380666732788086e+00,1.266791462898254395e+00,1.327893614768981934e+00,1.417346954345703125e+00
1.392500000000000000e+02,1.590122818946838379e+00,1.194302916526794434e+00,1.263750433921813965e+00,1.328321456909179688e+00,1.416841030120849609e+00
1.395000000000000000e+02,1.609186172485351562e+00,1.200295686721801758e+00,1.262132763862609863e+00,1.325969219207763672e+00,1.416912674903869629e+00
1.397500000000000000e+02,1.614935636520385742e+00,1.195258736610412598e+00,1.264239072799682617e+00,1.328050613403320312e+00,1.416993021965026855e+00
1.400000000000000000e+02,1.607502579689025879e+00,1.193325638771057129e+00,1.267830967903137207e+00,1.327311277389526367e+00,1.415174365043640137e+00
